排名,讚數,轉發數,留言數,連結,文章內容,串文數,串文內容
1,"20,193","3,255","1,443",https://www.threads.net/@darkseoking/post/DVp_mrOk1Xd,"我玩了Threads也一年多了，雖然我很懂SEO但還是一直搞不懂他的演算法，覺得自己寫得很好的內容卻常常被被限流曝光不出去，最近花了點時間看了Meta提交的演算法專利，發現其實跟Google SEO 80%像，都有用到一個概念叫語意演算法，理解以後我對於Threads演算法的認知大幅增加
就比如說以下這些專利",6,"[串文1] 專利:US10579688B2
他是藉由語意向量去區分使用者跟內容的關係，然後再做搜尋排名跟推薦，也就是你發出去的內容他會先跟第一批向量距離最近的使用者作互動，再根據結果去擴散到向量距離比較遠的對象，然後逐漸越擴散越遠，因此可以理解為只要你第一批擴散失敗，貼文直接掛。

[串文2] 再來比如說專利US-20190095961-A1 他就是呼應上面的專利，他也是提到貼文會進行小規模鋪散，但是進一步提到他會使用使用者關係+內容特徵+行為資料去進行計算找出第一批，但要注意的是內容特徵內有個low signal象徵，如果你使用了特別聳動的開頭也就是clickbait，很容易被判定為low signal，這也就是為甚麼你如果直接用AI生成的內容基本沒有流量，因為AI超愛用clickbalt。

[串文3] 還有專利US10558714B2，這個跟SEO就非常像了，也就是meta系也有所謂集群的概念，所以很多人說你發的爆文是甚麼類型之後就要一直發，因為Meta會根據你爆文的性質概念去建立集群，之後你只要一直發相關的內容他就會源源不斷擴散給你流量，所以大家會發現最近我發的內容越來越硬核，因為我發現Meta已經把我歸類到硬核seo的群組去了，所以我要是發甚麼很基本的文都不會給我流量

[串文4] 而我覺得最有意思的是專利US-9582786-B2，他提到了利用 Social Graph（社交圖譜）來決定內容應該擴散到哪些人。也就是如果你的內容有相同類型的權威KOL來評論案讚的話(也就是追蹤比你多的)你的貼文會被打高評分從而瘋狂擴散出去，比如我上一篇爆文在@north0508 北大轉發評論後就再爆一次，而那篇貼文也有其他高追蹤KOL來留言案讚但是卻沒有一樣的效果，就是因為北大雖然主要專精在財經內容上了，但是他的簡介有提到他曾經是做SEO的，所以被演算法判定為也跟SEO專家有關聯的權威KOL

[串文5] 最後分享專利EP2977948A1跟US10268763B2，很多人提到只要放外部連結，貼文就被限流，這是大錯特錯的，實際上Meta的演算法對於外部連結有清楚的演算法，他會看這個域名有沒有被其他使用者分享過，分享的次數越多，他給的權威度越高，就越不容易被限流，再來就是看你的分享跟你分享的貼文內容有沒有關係，這也就是為甚麼基本上很多SEO KOL再貼文下留言賣課就直接被限流，因為演算法認為你分享的內容跟外部連結毫無關係。

[串文6] 今天就先分享這麼多，如果這篇文爆了，我後續再來分享更多硬核專利，還有一大堆專利內容可以進行分享，比如貼文長度類的專利，比如使用者使用習慣類的專利，太多太多了。

如果這篇文沒爆，那就代表我對於Threads的演算法理解還是太菜，就繼續回去回爐重造😅😅"
2,"14,943","1,831","1,328",https://www.threads.net/@darkseoking/post/DV5IycAE34b,"我打破了Threads爆文後的限流牆。

從開始經營 Threads 以來，我就不斷看到一個說法：Threads 會在你爆文之後，對下一篇甚至下下一篇貼文進行大幅限流，數據甚至比爆文之前還慘。

但經過我對演算法規律的測試，成功讓過去三篇貼文都達到近千甚至更高的按讚，並推送給七成以上的粉絲，有效打破了爆文後的限流牆，讓後續兩篇貼文都維持在過去普通爆文的水準。

以下是我做的五件事，每一件都對應 Meta 的演算法底層邏輯。",7,"[串文1] 1.絕不在爆文後發「高度相似」的延伸文
對應專利US9336553B2，Meta極度重視推薦系統的內容多樣性。如果你爆文後瘋狂產出同主題延伸文，演算法會為了避免同一帳號霸榜、讓用戶反感，直接降低你的Ranking Score，甚至直接進不去Candidate Pool
所以很多老師叫你「趁熱度正高時狂發延伸文」？大錯特錯。
如果我那天專利文爆了以後，下一篇馬上寫專利延伸，一定馬上死。
我的實戰路徑是這樣走的：
專利爆文 → 感謝文（帶一點專利相關乾貨）→ SEO演算法文（弱語意相關但同圈子）
簡單說：面對同一群人、用不同角度切入，就不會被多樣性機制懲罰。而不是做相同的主題

[串文2] 完蛋了，這篇文捅到演算法的馬蜂窩了，怎麼又爆成這樣😂😂😂😂今天再當演算法的奴隸一天，努力回覆大家所有的問題以及討論！

[串文3] 2.每篇爆文底下，都跟留言者進行高強度互動（留言跟按讚）
不只回覆，還會狂按讚，真的每則都按。
這不只是為了延伸每篇內容的freshness，更重要的是根據專利US9378529B2，當你跟新受眾產生真實互動的時候，會大幅提升他跟你之間的Expected Engagement Value。
而當這個數值提升的時候，不只會幫助當前的爆文繼續延伸擴散，更會讓Threads在你發下一篇文章時優先推送給這些已經跟你互動過的群眾。
當這些群眾回來互動 → 再度拉高你下一篇的第一波Ranking Signal直接過Candidate Pool → 新文直接起飛。
這才是爆文後延續熱度的正確玩法，不是急著發下一篇，而是先把當前這篇的互動價值榨乾。

[串文4] 3.爆文後強制休息24-48小時，再發下一篇文
這個就是一個很重要的學問，也是我誤打誤撞測試出來的。同樣跟US9336553B2相關，太快的連續發文很容易觸發多樣性的演算法，即使你的內容是弱相關，但間隔越近、標準越嚴格，就越容易被打到。
而根據專利US8402094B2以及US10565267B1，每篇爆文都有自己比較長的擴散週期跟權重衰減時間，如果太快發文的話，很容易撞到自己還在擴散中的爆文，形成自己跟自己對打的局面，演算法會直接拿你的新文跟上篇爆文做比較，導致新文被壓制。
另外還有一個很多人忽略的問題是「自己跟自己競爭」。當你短時間連續發文時，演算法在Candidate Pool裡其實同時看到你多篇內容，最後只會挑一篇進入主要推薦，所以很多人以為是被限流，其實只是自己的貼文在互相搶位子。
再加上根據US20140172877A1，平台會把最近有潛力但還沒爆文、或是一陣子沒有發文的帳號優先曝光推送，以達到流量平衡。所以當我暫停發文幾天，我的帳號就容易進到這個優先推送的池子裡，下一篇就更容易再爆。

[串文5] 4.發文前先在其他文章留言做測試
這是我根據專利US8402094B2推導出來的想法，也是我自己最得意的一招。既然Meta會根據我的帳號跟群眾的親和程度來決定要不要推送我的內容，那與其拿一篇我寫了三小時的乾貨去賭我跟群眾之間還有沒有互動親和力，不如先去別人的文章底下留言測水溫。如果我的留言Threads還是有進行大量推送，甚至成為那篇原文的主要曝光來源之一，就代表我的Audience Affinity（互動親和力）還在高點，那這時候我再選擇發文，幾乎不會踩雷，也不容易浪費掉精心準備的內容。

[串文6] 5.不發日常文，不蹭限時高流量內容
大家可能會注意到我很少發一些日常文，也從來不碰任何跟帳號主軸無關的熱門話題，而是高度集中在我帳號定位相關的內容上。原因是我一直反覆強調，每個帳號都有一個Creator Embedding，當你去發了比如說前陣子很火的WBC文章以後，可能獲得了高曝光、高流量，甚至還有一些追蹤，但結果是什麼？這些從WBC進來的群眾，會把你的帳號語意標籤整個打亂。想一下，當你的群眾因為WBC進來以後，下一篇你就發了本來醫美相關的內容，這些群眾會跟你互動嗎？不會。那在互動率下降的情況下，Meta就直接判定你帳號「無互動價值」，權重暴跌。所以很多人發了蹭時事的爆文以後反而越來越慘，甚至整個帳號崩盤，其中一個原因就在這裡。我從來不碰這些文，這完全就是飲鴆止渴，我想蹭熱度的話拿私人帳號去發就好了，大號只做精準定位。

[串文7] 但說了這麼多，我還是要跟大家說一句，發文不應該是為了爆文而活，應該是為了寫自己開心的內容而寫，別當演算法的奴隸。持續寫自己喜歡的內容，才是讓你持續發文的最大動力，出發點永遠是分享，當你整天只想著怎麼迎合演算法，你會累到很快就斷更，那才是最大的損失。當然有學習演算法來增加爆文的機率是好事，但不要要求自己篇篇爆文。就好像你打傳說對決一樣，當你一直連勝以後，系統就會開始配對到爛隊友，然後強制你連敗，這個機制反而是為了讓你繼續玩下去。社交媒體平台也是，你的連續爆文越多，下一篇爆文的門檻就越來越高，這就是流量公平性，也是刺激你繼續留在平台發文的機制。

所以這週把Threads演算法測試到這個程度，我其實很開心，成就感滿到炸，Google已經很久沒給我這個感覺了。感覺年輕了十歲😂😂😂😂。
拿到我要的結論以後，下週除了答應好的專利文，其他內容可能就隨便寫寫、輕鬆寫寫，寫我想寫想分享的，不管演算法了。反正老話一句，有流量的話謝謝大家跟平台賞臉，沒有流量的話成為少數人的專屬知識庫也挺好的。"
3,"1,270",23,243,https://www.threads.net/@darkseoking/post/DVsySGxE8Ng,"沒想過有一天單篇貼文能直接120萬瀏覽、1.2萬讚、4000+新追蹤！

昨天還6000多追蹤，今天直接破萬，真的殺瘋了！感謝每一位用力互動的朋友、超多大KOL神助攻，也謝謝你們親手幫我驗證：我現在對演算法的理解真的有進步，只要踩對演算法，硬核內容一樣能直接起飛！

同時我昨天針對貼文做了一件事，我認為真的延長了擴散時間。以往大約24小時後流量就歸零，這次爆文以後，我瘋狂回覆每一則跟我探討演算法的留言，並給出實質建議。結果真的有用！Threads真的會根據高質量的回覆內容做二次推送！

破萬來得太突然，自介還沒寫完，先容我拖到1萬5再補🙇

目前帳號暫時繼續維持0變現，純純隱大模式，只想把自己造流量的極限再推遠一點，同時持續分享SEO、演算法、AI的實戰乾貨，讓大家不用花大錢上課也能拿到真正有用的東西。

下一波演算法專利內容我下週再發，這次會寫得更白話。大家有任何好奇的問題都直接留言，我會全部去專利文件裡挖出來回答。目前我自己最想驗證、也看到很多人問的兩個問題：

海巡到底有沒有用？
發文時間真的很重要嗎？

最後，真的非常感謝每個讚，這一萬個追蹤，真的是大家一起撐出來的。
🙇",1,[串文1] 更新一下，今天我這篇文是特別測試看看昨天專利看到的，如果文章跟昨天強相關的話很容易因為重複內容被限流，所以我今天寫了一篇中等相關的內容（主題是別的內容但是稍微提到昨天的主題）並且還是一樣提到SEO符合我的原始主題主軸，結果目前看起來真的又把昨天的文章帶起來了，跟大家分享一下！演算法真的太有意思了！跟打遊戲一樣。
4,"1,238",183,206,https://www.threads.net/@darkseoking/post/DWLYUBwE7Q9,"來交功課了，這是我最後一篇關於Threads專利去解讀演算法的貼文，整理了十個我看到最多人在問的問題，也是一個最白話文的懶人包，你可以不用看過之前兩篇只要看過這篇就夠了，文章非常長，我寫過最長的內容，所以極有可能被限流，且看且珍惜
留言區一個一個來",11,"[串文1] 1.海巡到底有沒有用？

有用，但不是你想的那種。到處刷臉讓人追蹤你，那是海巡最弱的功能。

真正有用的是Audience Affinity（US8402094B2）。Meta會根據互動頻率、互動類型、時間衰減、雙向還是單向，算你跟每個人的親和力分數。海巡的本質就是把這個分數刷高，下次發文這批人就更容易被推到你的內容。

但留言品質決定上限（US10574610B1）。系統看的是你的留言有沒有引發二次互動，有沒有人回你、讚你。只打「推」「太強了」這種不會產生任何engagement chain的，幫不了多少。

另外，長期在完全無關的領域大量留言，會干擾系統對你帳號的語意定位（US10740825B1）。偶爾跨領域沒事，但主力一定要留在同領域。

我自己是發文前1-2小時去同領域熱門貼聊幾句，補觀點或問問題，體感初始互動率明顯比冷發好。但狂海巡三小時投入產出比爛到爆，不建議。

[串文2] 2.發文時間到底重不重要？

有影響，但被高估到離譜。

Meta確實有時間新鮮度加分（US10063513B2），但Threads不是按時間排序，是用Expected Value（US9378529B2）預測每篇能產生多少價值。新鮮度只是其中一個小變數。

真正決定有沒有第二輪分發的，是前1-3小時的互動品質，特別是5個詞以上的深度留言、私訊分享。

所以問題根本不是「幾點發最好」，而是「你的核心受眾幾點在線」。你早上十點發，但他們都在上班，前三小時涼涼，後面再猛也救不回。

我自己平日中午12點跟晚上到凌晨最好，但這只適用我的受眾，因為我的受眾可能很多夜貓子，你要自己測。而且說實話，一篇真的夠猛的文，下午三點發也照樣爆。時間只影響爆的速度，不直接決定能不能爆。

[串文3] 3.被抄襲了怎麼辦？

Threads沒有強力原創保護，但演算法其實有在做事。

Meta有語意相似度比對系統（US10599774B1、US10037333B2），相似度太高時會在ranking階段壓後發那篇的曝光。先發有時間戳優勢，這點是真的。

但這機制不是即時，跨語言偵測也還有很多漏洞。我自己就被整篇翻譯去俄語區，結果在那邊還爆了，跟Google小語種原創偵測同樣爛。

你能做的其實不多。檢舉是一條路，更實際的是：抄的人拿不走你的Creator Embedding跟Audience Affinity。你的語意標籤、受眾信任是綁在帳號上的，不是綁在單篇文。持續產出永遠比糾結一篇被抄更划算，同時越多人抄襲你越有機會把流量重新帶回原創身上，其實變相幫你宣傳了

當然還是會不爽啦，花幾小時研究的東西，別人三秒複製貼上。公開平台的代價就是這樣。

[串文4] 4.為什麼留言沒有爆，同樣內容發自己牆上就爆？

因為受眾池完全不同。

你在別人貼底下留言，能見度靠原PO的受眾決定（US9961039B2、US10216803B2）。你去美食帳號留演算法分析，再專業也沉底，因為那群人根本不care。

但同樣內容發自己牆上，演算法會先推給跟你Affinity高的人，這批人本來就愛看，互動率直接起飛，觸發語意擴散機率高太多。

還有個關鍵：留言有版位天花板，熱門貼幾百則留言你搶不過；自己發文是獨立候選，直接進推薦池，競爭維度完全不同。

所以真的有料的留言，反應不錯就直接擴寫成貼文發出來，這招我自己用超多。

[串文5] 5.留言會不會吃貼文曝光？留言太多會不會反而害貼文難爆？

不會直接搶。留言跟貼文是不同內容類型，不會互相限流。

但有兩個間接影響：

Diversity Enforcement（US9336553B2）不是限制你發幾篇，而是同一個人的Feed不會連續看到你太多次。你一天狂留言，別人的Feed可能先塞滿你的留言，結果你的貼文就被擠掉了。

另外，長期只留言不發文，系統會把你歸類成「互動者」而非「創作者」（US10795916B2、US10764380B2），發文時初始推送力度會比穩定創作者弱。

最佳節奏：一天認真留言好幾則加穩定發文，讓演算法知道你兩種身份都有。走極端都不行。

[串文6] 6.按讚、留言、分享，到底哪個最重要？

結論：私訊分享遠大於深度留言遠大於按讚，差距很大。

Meta前高階主管Mosseri親口說過，sends（私訊分享）是目前Threads跟IG最強信號，權重遠高於likes。為什麼？因為你願意拿自己的社交關係去背書一篇內容，這個行為成本最高。EV系統（US9378529B2）就是按行為成本給權重的。

留言第二。FB Papers洩露的MSI計分，有意義留言30分，按讚只有1分。2020年修正時轉發從5分砍到1.5分，但留言30分完全沒動，方向到現在都沒變。

但不是所有留言都算。「推」「留友看」這種沒有二次互動的，貢獻跟按讚差不多。系統只愛能開鏈的留言，也就是有意義的長留言。

按讚最弱。幾百讚但留言個位數、分享掛零的文，演算法其實覺得「就這樣」，很難進第二輪。

[串文7] 7.新帳號有沒有演算法加成？

有，但不是偏心，是「需要數據」。

新帳號對系統來說不確定性最高，會被推出去測試（US20140172877A1），這就是蜜月期的由來。本質上是exploration跟exploitation的權衡，系統不知道你好不好，所以先推出去看看反應。

但內容品質還是會先過篩（US9959412B2），垃圾一樣沉底。系統只是給你機會收集數據，不是白送流量，所以很多人前三篇發的有趣有內容整個帳號就會直接大爆就是這樣。

我自己這個帳號前幾篇寫的有創意，觸及超高，直接漲粉1000個，小號前幾篇內容亂寫，就直接被打入冷宮，後面怎麼發都沒有觸及。

[串文8] 8.刪文重發有效嗎？

99%情況沒用，只會更慘。

Meta有一個second-chance機制（US10635732B2），系統會自己決定要不要讓一篇沒爆的文重新進入候選池。但重點是，這是系統自己觸發的，不是你刪掉重發就能觸發。

你刪了重發會發生什麼？首先，內容相似度偵測（US10599774B1）可能判定你在重複發文，排序直接被壓。其次，你原本那篇累積的所有互動信號，讚、留言、分享、停留時間，全部歸零。等於你主動把自己打回負分重來。

真正該做的是回去看那篇為什麼沒爆。開頭沒抓住人？主題受眾不吃？還是撞到前一篇的freshness？找到原因，用不同角度重新寫一篇，比刪文重發有效太多。

唯一例外：發出去不到10分鐘、幾乎零互動、發現嚴重錯誤，快速刪了改了重發影響不大。其他情況千萬別動。但是最好善用編輯，編輯只要不大改都不會影響曝光

[串文9] 9.一天連發好幾篇好不好？

很爛，幾乎沒例外。

Diversity Enforcement（US9336553B2）加多樣性排名模型（US11170006B2）會主動控制同一來源的內容密度。你一天發三篇，就算主題完全不同，同一個人的Feed也大概只會看到一篇，其他兩篇的實際曝光直接被吃掉。

而且這不只是曝光問題。你同時有多篇文在跑，每一篇分到的初始互動都被稀釋，沒有任何一篇能在前三小時拿到足夠強的信號去觸發第二輪分發。三篇各拿三分之一的互動，結果就是三篇都過不了門檻。

我自己最多一天一篇，而且前一篇還在跑freshness時絕不發下一篇。之前有一次手癢同天發了兩篇，第二篇初始觸及直接腰斬，從那之後就不做了。硬要趕進度只會三篇都半殘，不如全部精力灌進一篇打透。

[串文10] 10.追蹤數高觸及就一定好嗎？

不一定，反而常是拖累。

系統推薦給追蹤者時會看你跟每個人的歷史互動強度（US9582786B2）。你有一萬粉，但七千人是早期靠別的內容吸來的，現在換方向他們不互動，你的初始互動率就被拉低，演算法覺得內容不行，直接不給第二輪。

這就是為什麼很多大帳號都說「粉絲少的時候觸及率反而高」。不是被限流，是粉絲結構跟現在定位不match。

解法只有持續打現在的方向，讓演算法慢慢重新學習你的受眾。那些不互動的粉會自然被排除優先推送。

我自己從6k衝到快兩萬這波，大部分都是演算法內容粉，現在發SEO文反而冷，這坑我還在填。所以千萬別為了衝粉去蹭不相關流量(當然當初這系列我也沒想過爆的這麼誇張)，真的是挖坑給自己跳。

[串文11] 從專利看演算法真的是一個不錯的途徑，至少我目前遇到的大部分問題都能從專利裡窺探到一些方向。但演算法終究是一個巨大的集合體，幾十個參數交叉組合都可能造成不同的結果，我自己也才剛開始挖，不算是甚麼Threads大神，說錯的地方歡迎各位大神補充打臉。

同時就像第十題講的，我太多粉絲都是因為演算法專利系列進來的，但我本業是做SEO的，不是Threads演算法KOL。所以這篇算是為了交功課寫的最後一篇Threads專利長文，後面還是要慢慢把內容重心導回SEO。大家也想看看在其他台灣KOL那看不到的特別SEO內容分享的話可以多多追蹤我😂😂😂

不過我目前在嘗試把專利研究的流程整理成一套Skill(這篇就是用Skill輔助寫的)，現在測試效果還不太穩定，如果後面跑出不錯的結果會再分享給大家，有大神已經研究出來了也歡迎分享Tag我，我幫你推流。

後續大家還有演算法相關的問題，希望其他大神接棒發長文補充了(留言大家也可以推薦其他Threads大神我可以整理起來做一個置頂)，未來我偶爾分享一下而已，這篇底下有問題我還是會努力回(不過最近真的有點忙，盡量回復大家)。

謝謝各位，下台一鞠躬。"
5,"1,064",81,68,https://www.threads.net/@darkseoking/post/DV0JqDok-_2,"前幾天分享了可以用專利窺探演算法，那專門研究黑帽SEO的我，還會用哪些渠道來挖Google演算法的底呢？

答案就是訴訟文件。

美國、歐盟每隔幾年就會有針對Google、Meta這些巨頭的反壟斷訴訟，而這些訴訟的證據文件必須100%真實，高管還得親自出庭為演算法作證，結果就是……經常把演算法核心邏輯直接抖出來。

今天就來講講近年最重磅的那樁，美國司法部告Google反壟斷案（案號 Case No. 1:20-cv-03010-APM），到底洩漏了哪些Google SEO演算法的真面目？",4,"[串文1] 1. Navboost：Google首次親口承認點擊數據影響排名的完整邏輯

首先是由Google搜尋副總裁Pandu Nayak在2023年庭上首次提到的Navboost。

在此之前大家都知道Google會看點擊率，所以才出現所謂點擊率操控、點擊農場、點擊機器人之類的黑帽手段。

但這是Google首次承認並且揭露背後的邏輯：
Navboost演算法會記錄用戶的點擊紀錄長達13個月，而每次用戶進來的長點擊以及短點擊都會被記錄當成排名參數，並且連你是用手機還是電腦瀏覽都會分開計算成為參數之一（這也是為什麼常常手機跟電腦版的排名會不同的真正原因）。

[串文2] 2. Chrome瀏覽數據被直接拿去餵演算法，高層親口在庭上承認了

不僅Navboost把你點擊的每一個細節記13個月，更狠的是：
多位Google高層在法庭上親口證實，他們把Chrome瀏覽器的真實用戶行為數據，直接拿去餵排名系統。

換句話說：
你用Chrome打開的每一個頁面、停留多久、怎麼滑動、滾到第幾段、甚至有沒有放大字體……全部都被默默回傳到Google，變成訓練演算法的真實素材。

這也是為什麼我做PBN、做黑帽站到現在，Chrome、Gmail、Analytics、Drive、Google Search Console、YouTube、我全部都不碰，一個都不碰。

因為你永遠不知道哪一次不小心用Chrome同時訪問了自己的Money Site或PBN，或者不小心用同一台電腦登了Gmail，就在Google的資料庫裡留下了永遠抹不掉的足跡，下一秒就被演算法記恨，然後整批站直接從SERPs消失。

[串文3] 3. 最離譜的來了：IS4（Information Satisfaction 4）也稱為Search Quality Raters

最後分享一個我覺得最搞笑的。有時候高端的食材只需要最簡單的烹飪方式。

Google直接跳過所有演算法花招，偷偷推出了IS4系統，請了數以萬計的真人員工針對特定關鍵詞（尤其是敏感詞、商業詞、YMYL詞）去手動進行打分排名：「這個結果人類到底滿不滿意？給幾分？」

對，就是這麼原始、這麼暴力、這麼豪華。

所以有些敏感關鍵詞黑帽怎麼做都上不去就是這樣，不管你怎麼堆外鏈、怎麼優化內容、怎麼刷點擊，因為你面對的可能不是演算法而是真正的人，是真人評分員直接給你打低分，你連跟AI對抗的資格都沒有，直接被人類判死刑。

同時IS4的結果也被承認偷偷拿來訓練Google AI Overview跟GEO的結果，讓Gemini可以更清楚地理解哪些結果是真正受到人類偏好喜愛的。

但是IS4的存在與否也一直存在爭議，不過我是相信這個存在的，因為確實近年來google對於金融詞跟博弈詞進行了大量的操控

[串文4] 所以結論是，我認為不管是社交媒體演算法也好，或是Google SEO演算法也好，最終邏輯都是嘗試用不同的參數代碼找出使用者最喜歡的內容。因此既然是參數代碼，就代表它是可以被操控的，也代表可以藉由寫出演算法喜愛的內容去獲得排名跟流量，這也就是以往黑帽SEO的排名操控底層邏輯。但這兩年隨著AI發展，演算法接入AI以後變得越來越像人，自適應更新越來越快，漏洞越來越少，黑帽SEO的生存空間我認為正在被急速壓縮，搞不好這才是第一個真正被AI取代的職位？"
6,815,145,71,https://www.threads.net/@darkseoking/post/DVF4ct1k4wV,"又到了本周的乾貨時間

最近有很多人私訊問我，為什麼我現在做站幾乎都是全 AI 批量生成內容。

其實不是因為懶，是因為如果不用 AI 暴力輸出，你根本玩不起現在Goolge的打法

要講這個，得先理解現在 Google 的演算法。
現在 Google 早就不是看你關鍵字塞幾次了，它底層是神經網路，看的是「語意距離」。
簡單來說，你要把一個主題上下左右的關聯知識全部覆蓋到，形成一個完整的「主題地圖」，Google 才會覺得你是個咖。

你要把這些長尾跟周邊知識全寫滿，純靠人工手寫真的會出人命，所以我現在主力就是用 AI 當槓桿。

拿現在最卷的幣圈舉例來說。
正常人做幣圈資訊站就是一開始就死嗑:比特幣、交易所返佣，這種印鈔機級別的大字。但新站你直上這些詞，就算瘋狂買一大堆外鏈做內容，結局就是被老站打到連爹媽都不認識

所以為了吃這個語意網絡的紅利，具體操作邏輯是這樣的：",2,"[串文1] 1. AI 跑意圖矩陣

現在用工具抓長尾詞亂寫效率太差 高階作法是直接抓底層公式。
例如 [幣安/MAX/Gate] 的 [入金/合約/轉帳] 遇到 [卡住/失敗/被風控] 怎麼辦。

直接讓 AI 把幾十家交易所跟幾百種出包狀況全寫出來。不管有沒有搜索量先廣型覆蓋，因為它們語意距離極近，爬蟲一抓就會判定你把痛點講透了，信任度直接拉滿。

2. 微上下文的權重挾持

寫一堆 出金卡住 救急文沒轉換也是白搭，關鍵動作是要做微上下文。

不要隨便找字當錨文本，你必須在教完解鎖後，順理成章塞一段「資金放單一交易所的風險，備用交易所推薦」。這段話的唯一目的，就是強制把這篇爆流文章的權重，整碗端走灌進你真正想排名的權威頁面內。

3. 洗出實體權威

這其實是個養權威的過程。搞幾百篇救急文拿點擊 根本不是為了看 GSC 自嗨。

每一次用戶點進來找解答，都在強迫告訴 Google 這是幣圈權威。
當資訊訊號疊加到一定程度，Google 就會因為這些你認為跟大詞看似不相干的內容信任你。因為這些苦力活老站可能沒在做，Google 一旦認定你更全面可靠，就會讓你真正要搶的商業大詞排名直接暴衝。

[串文2] 說到底，Google 演算法再怎麼進化，終究是一套機器學習模型。
很多人還在抱怨現在新站多難做，但其實只是玩法變了。當你看懂這套語意規則，用 AI 把那些沒人要的長尾流量，全部精準導向你最暴利的頁面時，這才是現代 SEO 真正該有的破局思路。

附圖是我最近做的一個金融站點，這類YMYL主題新站通常很難打，非常注重網站本身的權威性，不過我用老打法，過期權重域名加上上面的套路，開站不到兩個月流量就爆了，整站都是全AI內容，做了差不多100多篇內容而已。這個站目前光靠掛廠商的橫幅廣告已經實現營利了，大家有興趣後續可以多講講這個站的思路。"
7,600,12,130,https://www.threads.net/@darkseoking/post/DV-jkXUk1w6,"又來佔用大家的版面了，沒想到一週內得發第二次感謝文，從6000粉直接暴漲到1萬7，真的讓我體驗了一把爆火的快感。

感謝每一個喜歡我的人，也讓我再次感受到社群媒體的力量，愛你的人很愛你，恨你的人連你住哪都能拿來當恨你的理由😂

趁熱簡單自我介紹一下，讓新朋友認識我是誰。

大家好，我是AK。
雖然最近都在寫社群內容，但本業其實是玩了十幾年的SEO老鳥。
十多年前靠百度黑帽SEO賺到人生第一桶金（未來準備了一篇長文跟大家聊聊我做過哪些黑帽），從此染上遊牧癮，3-5年就換一個國家住。

去年加密貨幣崩盤，直接賠掉八位數以上，加上很多事情讓我跌進人生低谷。那段時間才真正體悟到錢夠花就好，也才重拾這個帳號，開始分享一些台灣KOL比較少聊的深度內容，結果意外走出一條新的路，也認識了很多以前根本不可能會有交集的新朋友。

冷知識：我其實從來沒看過七龍珠🥲
頭貼用達爾純粹是因為那陣子在玩要塞英雄，用達爾的皮膚剛好特別順手，就隨手拿來用了，完全沒想到這個帳號會走到今天🤣
好啦，每篇文章沒點福利或乾貨就不是我AK的風格，所以隆重宣佈

我的個人網站，正式上線了！

詳情請繼續看留言！求求你，準備好久",1,"[串文1] 我的個人品牌 AK SEO Labs 上線了！

本來以為1萬5粉會很久，結果粉絲漲太快完全打得我這個拖延症措手不及，這次直接用 Claude Code + Astro + Directus，在短短72小時內把網站生了出來（這段開發過程之後也會單獨寫一篇跟大家分享）。

這個網站除了承接我未來重新開始接案的功能以外，我還開了一個專區，免費幫大家做SEO諮詢。

但因為時間有限，每個月只會挑1-2個我真的感興趣的網站，做完深度分析後跟你進行一場一對一的深度對話，聊聊怎麼幫助你的網站。

有興趣的朋友可以在這裡報名！也歡迎大家進去逛逛我的網站，我藏了非常多彩蛋等你們來發現。
https://akseolabs.com/free-consultation
最後，真的謝謝每一個追蹤我的人。未來也希望能用更多不同的方式跟大家交流，不管是線上訪談、專題或線下講座，都希望能實際幫助到大家。

本週還是會有很多硬核內容，記得準時鎖定！"
8,597,66,53,https://www.threads.net/@darkseoking/post/DU2tvVdk716,"各位新年快樂，沒什麼紅包可以給，就來分享一下之前做東南亞博弈的一個思路吧。

博弈在 Google 裡是一個特別神奇的存在。
正常 Google 會信任老且有權威的域名，但是由於博弈在多地的不合法性（特別是東南亞），所以常常主站域名會進行更換。

這就造成一個漏洞：
只有在博弈領域，Google 為了給用戶最新的入口，會習慣性給 有重定向歷史 跟 新鮮度高 的域名排名。

所以為了玩轉這個漏洞，我們可以怎麼做？👇",2,"[串文1] 為了吃這個「新鮮度優先」的紅利，具體操作邏輯是這樣的：

1.建立 EMD 矩陣
我通常會買 20-30 個 EMD（精準匹配域名），採用「金字塔式」分批佈局。第一批建 15 個，第二批 10 個，以此類推。

2. AI 暴力填充
以前用程式亂數重寫，現在直接上 AI 大量生成。重點是讓這些站看起來資訊量比官網還豐富，而不只是一個登入頁。

3.本地訊號建立，CTR 操弄與篩選（重點）
觀察第一批站點的自然排名。把表現好的挑出來，除了買點本地外鏈做本地論壇釋放本地訊號外，這時候關鍵動作來了：我們會配合做一些 CTR操弄。
透過模擬真實用戶的搜索與點擊，告訴 Google：「嘿，這個新站很火，大家都在找這個」，強制把排名訊號坐實。

301 權重灌注
這是一個「養蠱」的過程：
把第一批裡「沒流量」的廢站，整站 301 到「表現好」的站。
等 1-2 個月後，建立第二批新站。當第一批主力站流量開始下滑（或被 Google 察覺）時，立刻將它們 301 到第二批去。

[串文2] 就這樣循環到最後一批，最終你會得到幾個經歷多次 301 權重轉移的站點。

基本上這個域名對 Google 來說就是最強的，之後就算掛了，一直不斷 301 到新站，權重都不會掉，還常常因為內容比官網豐富，排名比真官網還高。

雖然現在東南亞門頁氾濫，Google 更容易排那些垃圾頁，單站效果沒以前那麼神。但還是值得一玩。

我覺得做黑帽有意思的就是，你得理解 Google 是程序，是程序就會有漏洞，做黑帽就是跟 Google 鬥智鬥勇的過程。

當你找到一個 Google 漏洞並且實現排名的時候，我覺得這就是做黑帽最有意思的時候。"
9,526,11,52,https://www.threads.net/@darkseoking/post/DV8NW4LEzgo,"太好笑了😂😂😂我的專利文居然被原封不動傳播到俄國去了。
證實了Meta跟Google 有一樣的漏洞，針對小語種內容，即使你直接翻譯了熱點文章，他也會給你高額曝光，這是一個很好的實驗想法。
希望原作者不要刪文，我不介意被翻譯，我只是覺得這真的是一個有趣的現象。",0,
10,526,113,62,https://www.threads.net/@darkseoking/post/DIBa4d3PY4T,"低端SEO廠商獵殺計畫 #1
這種單純關鍵詞規劃的低端服務要收你11萬多？給我三分鐘我免費教會你！

最近有網友來諮詢，說遇到了一家SEO工作室，單純做個關鍵詞規劃就收1萬8一個月，還強迫綁約半年，總共要花11萬多。這也是我決定開這個企劃的原因之一，讓免費的知識回歸免費。

關鍵詞規劃是SEO中最基礎、最重要的一步，因為它不僅決定你的SEO策略方向，還直接影響網站的整體排名效果。如果在規劃階段就選錯了關鍵詞，那後續無論投入多少優化資源，效果都會大打折扣，甚至完全沒用！

正確的關鍵詞規劃，能夠幫助你瞄準市場需求，搶佔流量入口，避免浪費時間和預算。雖然看似簡單，但要做好卻需要一定的邏輯和方法。然而，這些技巧和工具完全可以自己掌握，根本不用花大錢找外包來做！

一般來說，會使用專業關鍵詞工具來規劃，例如Ahrefs、SEMRush等，雖然這些工具都需要付費，但比起請顧問還是省很多！尤其是中小企業，用量其實不大，可以集中在一個月內密集操作，下一個月不續費就好，成本根本不用攀升到幾萬塊！只要掌握方法，一樣能達到高效的關鍵詞佈局！

教學比較長，以下教學使用Ahrefs示範，請展開留言區！",3,"[串文1] 今天首先會教大家如何竊取你競爭對手的關鍵詞，快速鎖定可排名的高流量關鍵詞，這個方法非常適合已經做過SEO一陣子的網站。今天採用網友提供的URL作為範例。

第一步: 首先打開Ahrefs，搜索你的URL以後選擇左側自然排名竞争对手

[串文2] 第二步：在自然排名競爭對手頁面中，選擇市場份額達10%以上的所有競爭對手，最多選十個。如果你的網站規模較大、競爭激烈，有超過十個達到10%以上份額的競爭對手，只需選擇前十名即可。

但如果像範例中一樣，10%以上份額的競爭對手較少，就選擇佔比最多的前五個。接下來，點擊選項中的內容差距機會。

[串文3] 第三步：按照參考圖片進行篩選設定，將關鍵詞難度設為10以下，同時確定目標位置為無排名，而競爭對手的排名設定為1-30。

至於至少要幾位競爭對手，取決於你選擇的競爭對手數量：

5個競爭對手：建議2位。

6-9個競爭對手：建議3位。

10個競爭對手：建議4位。

這樣設定的目的，是為了快速竊取並篩選出競爭對手正在優化、且你具備潛力排名的關鍵詞。這個參數配置是我們10多年經驗研究的成果，最穩定、參考價值最高。"
11,514,54,56,https://www.threads.net/@darkseoking/post/DSVJpQIk3G0,"我看那些 n8n 賣課的老師，估計真的快要失業了。

我今天發現 Claude 4.5 Opus 做 n8n Workflow 有奇效。
本意只是看到網路上有人把 n8n MCP 跟 Claude 連接起來，可以自動建立 Workflow。

後來才發現，目前官方的n8n MCP還不支援自動建立節點。
但秉持著來都來了的精神，我乾脆把我現在用來生成SEO文章的 Workflow 反推成 Prompt，再叫 Claude 幫我重寫一整份n8n JSON。
測試看看Claude 能不能完成，因為Gemini碰到15個以上節點的流程就會寫不出來。

結果那畫面真的有點離譜。
不只完整生成一整套可用的 Workflow。
還順手幫我升級了流程邏輯，甚至連程式碼都一起優化。
直接將我之前快40個節點的邏輯優化到剩28個節點，執行更有效率了，損耗也更低了。

那我之前研究到半夜，一個節點一個節點慢慢敲出來的流程，算什麼？
算我吃苦耐勞嗎🥲🥲🥲",0,
12,421,26,43,https://www.threads.net/@darkseoking/post/DWBN6oSkyqj,"花兩萬塊台幣，就能復刻中國315報導的AI投毒?讓AI幫你說話?聊聊我去年做過的一個好生意。

先講什麼是 GEO 投毒。你知道 SEO 是操控 Google 排名對吧？GEO 就是操控 AI 的回答。當你問豆包、DeepSeek「哪個品牌好」的時候，它的答案不是它自己想的，是從網路上的文章整理出來的。那如果網路上的文章全部都是我花錢發的呢？
AI 就會乖乖把我塞的內容當成事實講給你聽。這就是投毒。

315 記者虛構了一個根本不存在的智能手環，花錢發了十幾篇軟文，幾天後問 AI「推薦智能手環」，那個假產品直接排前面。很誇張？在中國這行，這是日常操作。
為什麼中國的 AI 特別容易被投毒？兩個字：封閉。",2,"[串文1] ChatGPT 可以讀全球的內容，來源多到你根本塞不完。但中國的 AI 能讀什麼？公眾號、知乎、新浪、百度、中國新聞媒體，幾個科技媒體，就這些。來源池子本身就小，你要污染它太容易了。

而中國的網路生態又是只要不觸碰底線，萬物皆可買。新浪發一篇新聞稿，800 到 1500 台幣。找人代發知乎或公眾號，四五百塊搞定。一個品牌花個2-3萬台幣，就能把中國主流媒體跟平台全部覆蓋一輪。當 AI 看到十幾個不同來源都在講同一件事，它當然信了，不管那是不是真的。

去年我就當過中間商，當時Deepseek跟豆包剛火起來，很多公司不知道原理，GEO爆火，包裝一下，再發包給自己配合的發文公司，一單就可以賺7-8萬台幣，後來收款容易出問題才不得不放棄這個好生意。

雖然現在情況有在變。豆包跟 DeepSeek 開始學 ChatGPT 搞訊息過濾，把網站分成三個權重等級，權重越高的來源越被信任。連新浪內部不同分類都有不同權重，那些你花錢就能發的版面，權重直接被壓低。

但你覺得這真的有用嗎？

[串文2] 在封閉的內容生態下，無非就是要發的網站多一點、價格貴一點、門檻高一點罷了。本質沒變。就算豆包開始嘗試引用海外媒體來補充資訊來源，但問題來了，如果海外媒體罵中國呢？你敢把它的引用權重放很高嗎？

這就是死結。要開放就會引入「不和諧」的內容，不開放就永遠是一個小池塘，隨便誰都能往裡面倒東西。

所以中國 AI 查資訊也就圖一樂，小紅書抖音都能被投毒了，就別說 AI 了。但是ChatGPT就不會被汙染了嗎?也不一定，這個下次聊"
13,379,22,47,https://www.threads.net/@darkseoking/post/DGSszC6phZv,"SEO拿來搞一些灰產真的很爽，我最近拿我之前測試其他項目買的幾百個垃圾域名拿來用AI跑色詞做廣告聯盟，跑了快一個月，也搞了將近7,500美金，約合台幣24萬，成本才花了不到1萬5台幣，思路打開，SEO真的無限可能。

SEO",0,
14,357,3,12,https://www.threads.net/@darkseoking/post/DSEpapGk4_g,"當我還在努力思考該分享什麼內容，打擊低端SEO的時候，行動力強的人已經開始拿著我分享的內容去參加面試了........
該慶幸還好低端SEO獵殺計畫我還沒更新完嗎？😅",0,
15,303,26,27,https://www.threads.net/@darkseoking/post/DRfWQaIExTC,"深夜提醒-看到很多人最近用Gemini 3生成SEO文章，但得注意的是Gemini早就針對旗下AI生產的內容植入SynthID浮水印，所以這類內容生成以後，Google可以準確識別你是用AI製作的，對於新站或是本身沒有什麼排名的站可能就會直接不爬取不收錄。
目前最好的辦法可能就是多用一些不同的小眾AI多洗稿幾次，把文字特徵打亂。",0,
16,276,9,27,https://www.threads.net/@darkseoking/post/DRMn3-Vk2_C,"講一下為什麼我斷更。
做黑產的人，人生真的像在演電影。某天我突然被合夥人踢出去，理由是覺得我分太多，這種戲碼大概每個拿技術股的人都遇過。

好在我不可能不留底牌，只是裝得能被替代而已。結果我一走，他們那套黑帽系統直接斷裂，後面聽說也很慘。也慶幸那段時間我提早感覺怪怪的，Thread 上找我的案子都沒接。

但老實講，被合作多年的兄弟背叛，真的打擊很大。再加上博弈業轉化變難、AIO 和 Google 演算法連環砍、幣圈又崩賠一堆錢，一口氣全部疊上來，直接掉到人生谷底。

這幾個月我乾脆修心養性，花時間陪自己，也想通了，雖然很老套但是真的：錢不是最重要的，快樂才是。
所以我開始接一些以前有興趣的白產案子，離開博弈業。收入沒以前月收千萬，但每個月七位數也夠花，更重要的是我找回做 SEO 的熱情，不再像過去那樣每天做程式化黑帽，像個機器人。

所以現在也才有更多時間跟大家聊天。
廠商們也別來敲我，我暫時還是不接新案。
目前光是朋友的案子就做不完了。
我開這個帳號，是因為開心。
能分享，可以幫到一些兄弟姐妹們，那就值得了。
希望接下來我們能一起把台灣 SEO 圈再往光亮的方向推一次。",0,
17,272,31,37,https://www.threads.net/@darkseoking/post/DVoBBxzk3ze,"上週隨手寫的那篇語意SEO乾貨，引發了意外的討論。
原因很簡單，大部分台灣KOL只告訴你語意SEO是甚麼，但是很少人免費跟你討論策略怎麼做。

同時留言最集中的問題只有一個：語意集群建立完成後最後要去哪裡?
上週文章確實有些地方沒有寫好，今天直接補操作細節。

先建立一個底層認知
Google現在的演算法，看的是「語意距離」。
以前的邏輯：「利率」跟「利率種類」拆兩篇，各自農流量。
現在這招沒那麼好用了。Google希望你把相關主題全部整合，最好還附上計算機這類工具。
因為Google認為這兩個查詢背後的核心意圖是高度重疊的，與其讓用戶在多個頁面跳來跳去，它更傾向把流量集中給能一次解決多重問題的頁面。

這背後有兩個力量在同時推動：
一是Google大幅拉高了Reddit、論壇這類社群內容的權重，純資訊型查詢現在直接被社群搶走。
二是因為這樣，傳統網頁必須跟社群內容做出本質區隔，搜尋結果現在極度偏好功能性滿足。
純文字廢話？Google寧可把流量直接送給Reddit。

那為什麼我還要建議用AI輸出幾百篇文做語意集群？",2,"[串文1] 這是最多人沒看懂的地方。
這幾百篇文打的不是廢話，是極度具體的微意圖集群。
以幣圈為例：直接讓AI把「某交易所出金被風控怎麼辦」這類幾百種出包狀況全寫滿。或是你可以根據你每篇文章的H2去無限擴張成新的文章。
這在做什麼？幫網站建構底層主題地圖。
爬蟲一抓，發現你把痛點講得超透徹，網站的實體權威就被洗出來了。
注意：這些長尾文根本不是拿來轉換的，純粹是吸權重用的。

吸到權重後，關鍵動作來了
透過內部連結，把流量跟權重強制灌進你真正賺錢跟要排名的核心頁面。
我把這個頁面叫做 Boss頁面，整套戰法的靈魂。
Boss頁面有兩個硬性要求：
① 不能只是外圍文章的文字堆疊，必須是所有AI集群內容的精簡總整理
② 文章裡面必須加入功能性元件，手續費計算機、入金比較工具這類的東西
這點最重要。AI時代直接vibe coding一個就好。
不管你做什麼行業，都應該在核心內容裡放一個對應的小工具。
這一步讓你的內容從「資訊型」升級成「功能型」。
而功能型內容是目前Google最喜歡的形式，也是最難被複製的競爭壁壘。

[串文2] 所以的SEO語意策略架構，其實可以濃縮成一句話。

AI 集群建立語意權威
Boss 頁面吃掉核心流量
功能工具建立護城河

外圍內容負責鋪滿主題地圖，
核心頁面負責承接流量，
工具則把內容升級成「功能」。

當網站同時具備這三件事，
Google 看到的就不再只是幾篇文章，

而是一整個完整的主題系統，並且完美的符合語意SEO的規劃佈局

看懂這套結構的人就會發現：
現在的SEO其實比十年前更容易。"
18,263,6,18,https://www.threads.net/@darkseoking/post/DS6zty2kwOA,"四個月靠 AI+SEO 做了 540 萬，但幣圈直接賠掉八位數。

不知不覺 2025 最後一天了，來做個回顧總結。 今年年初剛開號的時候其實沒想那麼多，就想單純做個紀錄與分享，結果還真的讓我不小心把帳號做起來了。這段時間玩下來發現，社交媒體跟SEO演算法其實有異曲同工之妙，這些經驗也讓我學習到了很多。

同時這一年的人生波折濃度確實太高，發生了很多事，最後直接出來單幹試試看。

把之前黑帽累積起來對演算法的邏輯概念，搭配上AI的強力輔助幫忙，真的讓我省了不少功夫，也讓我實現了很多以前可能特別要花時間甚至不可行的方案，也謝謝身邊很多朋友願意相信我，給我案子。

這四個月的收入結構主要如下：",2,"[串文1] 60% SEO顧問:
利用過去玩「黑帽 SEO」的底層經驗，幫一些朋友與大型網站建構程式化 SEO 架構。從自動化產線、內鏈佈局到站內結構完全程式化。這部分最燒腦，也是目前最穩、最核心的收入。

20% 精品站:
專挑小眾市場與小眾領域切入。利用AI文章流搭配過期域名快速起量。這套打法起站極快，流量穩了就靠 Guest Post 和廣告橫幅變現，像養資產一樣持續收租。

15%AI文章流程包:
同時把設計好的AI產線客製化好給幾個朋友。從Prompt調校、模型串接到發布流程一套處理好。系統建好後，我只需要看報表和微調，每月拿長尾收入。

5%站群垃圾流: 這就是老套路了，撈低競爭詞、塞大量內容、掛聯盟行銷。沒太照顧，每月 5-6 萬當零花錢，被演算法砍了也不痛。

[串文2] 看起來光鮮，但其實，年初看好幣圈重倉 All-in，結果直接虧到褲子都不剩。 今年努力了一年，錢沒留住，但把一套「賺錢的系統」給留住了。這筆學費貴得離譜，但也讓我摸清了單幹的路，繼續賺自己熟悉的路的錢。

所以很多人問我為什麼不接案？ 不是我高冷或是跟錢過不去，是真的忙到做不過來。內容、產品、站群、技術、優化全部自己來，一人公司加上AI的規模化實驗太迷人，一天 24 小時根本不夠用。

同時2026年的重點：

1 .繼續探索更多AI+SEO可能的變現渠道。

2. 深度研究 Threads 演算法，寫更多有實戰價值的貼文，也希望透過這個渠道找到更多志同道合的夥伴們。

3. 看看「一人公司」這條路，到底能跑多遠。

4. 繼續多國旅居，實現自己的兒時夢想。

感謝大家過去一年的支持，也祝大家2026年順利，都能找到自己喜歡的事情。"
19,249,31,44,https://www.threads.net/@darkseoking/post/DRMlJRPE9Ax,"低端SEO廠商獵殺計畫 #2｜文章怎麼寫？

大家好，好久不見！
前陣子因為一些私人因素斷更了半年，這裡就不細說，之後再另外開一篇講。

回歸之後第一件事，就是繼續當初的《低端SEO廠商獵殺計畫》。
而今天要講的──正是低端 SEO 寫手最容易露餡的地方：文章撰寫。

十年來面試 3-400 位 SEO 寫手，我看到什麼？

過去十年，我面試過超過 300–400 位 SEO 寫手。
其中很多還是從「大型 Agency」出來的。",3,"[串文1] 結果呢？
99% 完全不知道自己在幹嘛。

對 SEO 底層邏輯沒概念、對演算法沒研究、連最基本的 ranking signal 都沒弄懂。
靠著以前剛好做過幾個低競爭產業，就開始自我感覺良好：

「噫！好！我行了！」

然後開始外接案，開的價格更是離譜：
一篇 3,000 是基本款，有些甚至敢收到 10,000。
這叫什麼？
離譜他媽給離譜開門，離譜到家了。

等到客戶網站沒排名，就開始怪客戶：
什麼「網站權重不夠」、「你的產品不好」、「市場太競爭」之類的垃圾藉口。
問題是?
你一開始接案的時候不是什麼都說沒問題嗎？

這些半吊子 SEO，根本是破壞這個行業氛圍的罪魁禍首。
也難怪大家越來越不信任 SEO。

所以今天這篇，就是要告訴你：

這群低端寫手到底都怎麼寫文章的。

[串文2] 警告:這裡分享的方法，只適用低競爭領域。
目的不是教大家做「低端 SEO」，
而是讓一般企業主知道這些寫手到底在幹什麼、套路如何運作，
也讓市場機制回到真正有能力的人身上。

真正厲害的 SEO 寫手，每個都有自己的邏輯、方法論、演算法判斷框架。
而不是靠感覺。

[串文3] 第一步：拿到關鍵字後做「常規競品調研」

上次文章提過關鍵詞規劃。
當你選定關鍵詞後，

你只需要：

用 Ahrefs 搜尋該關鍵字
或
自己手動收集前十名競爭對手的文章

把連結塞到下面這段 prompt（低端 SEO 寫手最常用的套路）："
20,244,54,28,https://www.threads.net/@darkseoking/post/DSzbTOOk2L2,"週末分享一個 爽到飛起的開源神器
Antigravity Tool
GitHub： https://github.com/lbjlaq/Antigravity-Manager
這東西真的印證一句話，萬物皆可 API。
它的核心用途超簡單暴力：

把多個 Google 帳號接進去 → 把 Google Antigravity 的額度轉成本地 API。

然後有趣的點來了：
1.Antigravity 免費就能用 4.5 Opus
2.透過這個工具把額度轉成本地 API 之後
就能丟進 Claude Code / Cursor 用（爽爆）
3.還能搭配他們原生的 System Prompt
→ 品質通常會比直接在 Antigravity UI 裡用還更強
4.多帳號輪詢 = 幾乎無限跑 4.5 Opus
只要你帳號夠多，用到炸掉都不是問題

唯一可惜的是

目前還只能本地 API。

如果未來能做雲端轉發,那真的是爽到起飛,媽媽再也不用擔心我沒有足夠的4.5 Opus 了。

賽博AI煉丹爐, 這種項目看到真的只有一句話:

太爽了。",1,[串文1] 額外友情提示一下，這些都是在Google 的規則之外的產物，所以如果要測試最好不要使用自己的主帳號，開小號去測試，避免被封號
21,236,4,75,https://www.threads.net/@darkseoking/post/DHcsCq-TP-p,"博弈黑帽SEO代理挑戰 第35天

距離目標還差16萬美金，挑戰快完成了。
最近更新變慢，主要有兩個原因：
1.在搞其他項目。
2.思考這個帳號的價值。
原本的目標是展示實力，順便尋找品牌合作。但兩個月下來，找不到有意思的品牌，甚至一度想停更。

但最近收到大量中小企業主的私訊，一聊才發現，原來台灣SEO市場爛透了。
一堆低端SEO工作室，每月收1-5萬，做些基礎操作，效果極差，根本是詐騙！

這些人的套路很簡單：
💀 話術洗腦 → 用幾個專業術語騙企業主買單。
💀 技術含量=0 → 只會灌流量、隨便發幾篇文章，騙個短期排名。
💀 賺快錢割韭菜 → 真正厲害的SEO高手根本不屑這種低價案子，因為高端項目才值得投入時間！

市場被這群低端SEO佔據，整個行業變得烏煙瘴氣。
所以，從下週開始，我的代理挑戰改為一週一更，並開啟[低端SEO廠商獵殺計畫]。

直接曝光這些廠商的套路
手把手教你們用低成本做到比他們更好的SEO
外面收10 萬、20萬的課程？通通免費公開！
我要讓這些低端SEO沒飯吃，回去上班，還台灣SEO界一個乾淨的環境。

你被低端SEO騙過嗎？留言分享你的經驗，我來破解。",1,[串文1] 這個企劃估計會動到很多人的蛋糕，但是，Who cares，不想被輕易取代掉就想辦法成為真正的好SEO，別拿著網路上免費的資訊招搖撞騙
22,201,18,31,https://www.threads.net/@darkseoking/post/DU95Bplk9N6,"Gemini 3.1 Pro 發表了，但我還是要再強調一次前幾天的實測結論：想做 Google SEO 排名，強烈建議不要直接用 Gemini 產出最終文章。

眾所皆知我是 AI 寫作的重度使用者，手邊的內容基本全靠 AI 產生。早期我主力用 Gemini 2.5 Pro 跟 2.5 Flash 搭配 URL context 分析競爭對手，效果極好。當時把它當主力，很大一部分原因是為了極致壓縮成本，我直接用 200 多個帳號做輪詢，將 API 費用降到幾乎是零。但自從升級 3.0 之後，情況變得非常詭異。我實測超過 20 個全用 3.0 寫內容的新網站，Google 幾乎不收錄，勉強收錄了也不給排名；即使是老站，新內容的排名也明顯卡住。這讓我立刻聯想到 Google 官方提過的：Gemini 3.0以後已經全面導入 SynthID 浮水印機制。",2,"[串文1] 為此我重新做了一批站來測試，策略改成「用 Gemini 3.0 分析架構，交給 Kimi 2.5 寫作」，結果收錄跟排名瞬間全回來了。顯然 Google 對包含 SynthID 的新站只要有包含AI內容就有非常嚴格的流量限制。

但有趣的是，Bing 完全不吃這套，反而超愛 Gemini 3.0 的文章，那 20 幾個在 Google 摔跤的站，有好幾個在 Bing 的月流量直接衝破 3 萬。

總結目前的實戰結論：

主攻 Google 流量：務必拆分工作流。Gemini 負責分析，產文交給 Claude 或 Kimi，直接避開 SynthID 的影響。

主攻 Bing 流量：火力全開用 Gemini 產文，目前演算法極度友善。

成本控制：「分析端 Gemini ＋ 生成端 Kimi k2.5」依然是兼顧流量與極致壓縮 API 成本的最佳解。

雖然Google說SynthID不影響排名，但是Google會誠實告訴你所有排名因素的話那就不是google了

[串文2] 比較可惜的是，太細節的實驗過程發不出來，會一直觸碰到threads的社群規範，禁止發布，這篇文也是我反覆修改了十幾次以後才發出來的"
23,189,8,35,https://www.threads.net/@darkseoking/post/DVIjFsAk-GJ,"上次提到 Gemini 搭配 Bing SEO 有奇效，今天看數據，流量果然爆量了。

我真心推薦經營台灣市場的人，絕對不要忽視 Bing 這座大金礦。根據數據顯示，台灣有 11.13% 的用戶使用 Yahoo，6.24% 使用 Bing；由於 Yahoo 的搜尋底層正是串接 Bing 的數據源，這意味著有將近 20% 的搜尋市佔是 Bing 體系的天下。
重點在於，Bing 的演算法跟屎一樣，只要你能突破前七天第一波的爬蟲驗證，後續排名非常好操作。同樣是競爭激烈的關鍵大詞，雖然 Bing 的搜尋量大約只有 Google 的 20%，但實際優化排名所耗費的功夫，估計連 Google 的 10% 都不到。

要是你的網站在 Google 遲遲擠不上去，轉頭佈局 Bing 絕對是高投報率的超車路徑。",0,
24,183,12,5,https://www.threads.net/@darkseoking/post/DR47zYSDMR_,"最近看到 Kuse 的創辦人 20 歲、Zeabur 的創辦人才 25 歲，兩個團隊創業不到五年，年營收都直接破一億。老實說，這種案例只會讓網路上的年齡焦慮在未來幾年愈演愈烈。

更關鍵的是：AI 正在把專精這件事重新定義。過去大家說「一萬小時定律」，現在可能五千小時都嫌多，有些甚至更少。
在這種效率倍增的時代，「只專精一件事反覆打磨」反而成了風險。

所以，像我們這種普通人，唯一能做的就是不斷拓寬邊界。SEO 不該只懂 SEO；能寫、能設計、能工具化流程、能抓數據、能試產品，你得成為甚麼都會的一人團隊。因為在技能入門門檻越來越低、知識像暴漲貨幣一樣湧出的年代，你永遠不知道今天多學的一個技能，明天會不會剛好踩中市場痛點，變成你下一次創業的機會。

深夜寫這些，其實也只是提醒自己：焦慮沒有用，但能力擴張永遠不會背叛你。",0,
25,162,7,16,https://www.threads.net/@darkseoking/post/DROp_rlE9_p,"今天Gemini 3直接打爆全網。我實測後只有一句話:它的程式能力，第一次真正能取代基礎工程師。
今年完全是AI大爆發。
去年我寫SEO程式還要找範例、拼邏輯；今年只要把底層邏輯講清楚，AI自己就能寫到位。
SEO從此不是:做不做得出來，而是:你懂不懂底層邏輯?

而且不只SEO
整個網路行業的職位邊界正在崩塌。
會寫、會設計、會自動化、會整合的人，一個人能頂一整個小團隊。
「一人公司」才剛開始；還在堅守單一技能的人，未來根本沒座位。

說白一點：
最快明年，只會寫文章、只會外鏈、只會單一SEO、不懂CRO、不懂演算法、不會程式化、不會自動化的人 通通淘汰!
這行不再分什麼類型，只剩能打全場的全能型SEO。
當AI能做完所有低端SEO技能時，企業為什麼還要請你？

所以那些還在喊「只要把文章寫好」的SEO KOL，
你很快會看到他們自然凋零。
當然! 一鯨落，萬物生。

最後給個福利：
很多人想試Gemini 3，但免費額度有限。其實Gemini Pro有學生一年免費方案，不是學生也能在閒魚買一年帳號。
我手上剛好有兩組沒用到的，粉絲破4000，直接丟留言區，不抽、不囉嗦、先搶先贏。",1,"[串文1] aggussirawwan@gmail.com
Masuk123!
jamaludinnnn97@gmail.com
Masuk123!

先搶先贏，用了的留言一下，自己去綁定手機號碼跟改密碼，可以直接使用Google AI pro會員，搶到直接現省8000台幣的年費!"
26,158,2,29,https://www.threads.net/@darkseoking/post/DWGC1K9Ewia,"越完美的SEO，其實越不完美

早期的SEO教你把一切做到「完美」：主關鍵詞要放夠多、NLP詞要放對位置、外鏈全部高DR高權重、垃圾外鏈全部disavow、Anchor text全部精準匹配……bla bla bla

但像我反覆強調的 在AI浪潮下Google演算法越來越像一個人了，它越來越注重一個站的自然感，越來越討厭這種刻意的「完美」",3,"[串文1] 我之前接手一個傳產網站，之前別人操作過，關鍵詞堆得滿滿的 密密麻麻像菜市場，一看還以為是我阿嬤來操作的過時手法。我只做了兩件事：刪掉重複堆疊的垃圾關鍵詞 換成同義語意詞自然鋪設進去，流量三個月內直接起飛 現在穩穩前三

再來講外鏈 很多人有潔癖 覺得外鏈一定要乾乾淨淨一點spam都不能有。但我完全反著來 初期什麼鳥連結都買一點：論壇、目錄、留言板、PBN、社群、側欄 高的低的全都要，整個連結佈局越亂越好。因為一個大品牌自然成長本來就是混亂的 你說你是大品牌但一點spam連結都沒有 那不是擺明告訴Google：「我全都是人工精準操控的喔～」他不懷疑你才怪

[串文2] Anchor text這塊更明顯 Ahrefs之前研究過38萬個排名前面的頁面 發現exact match anchor text比例幾乎接近零。你想一下正常情況 別人連到你寫的是「這篇不錯」「參考這個」「某某公司的報告」 誰會好心幫你把目標關鍵詞寫得整整齊齊？如果你八成以上的anchor都是exact match 基本上就是直接舉手跟Google說：「這些連結都是我自己做的！」

[串文3] 所以做SEO有時候就是要反其道而行，逆向思考 故意做得不那麼完美才能做得好。你精心佈局一個站：內容完美、外鏈完美、anchor完美。你自認為你做的是符合Google演算法的白帽。
但這就好像一個22歲、190cm、六塊腹肌、家庭資產千億、長得還帥像AK本人 卻說自己從沒處過對象，你都不信了 Google會信嗎？

人都不喜歡裝貨了 演算法更不會。🙃"
27,154,23,20,https://www.threads.net/@darkseoking/post/DR3qRkvEwC-,"低端SEO廠商獵殺計畫 #4｜內部連結怎麼設置最好？

刪除重發.... 為啥Thread的排定貼文自動給我吞內容

這篇本來上週就該上線，但越寫越覺得事情不單純，我一路寫一路想，突然意識到一件我之前完全忽略的大問題：那些稍微複雜一點的內部連結教學，根本沒有多少人會真的照步驟做完。不是方法不好，而是流程太繁瑣、太難想像、太不直覺。就在那個瞬間，我真的有種「原來盲點在這裡」的感覺，好像發現新大陸一樣。

與其再丟一篇看起來很完整、實際上沒多少人會操作的教學，不如徹底把整套流程拆掉重建。我乾脆把原始的教學邏輯整合重寫，直接做成一個任何人貼上文章就能馬上用的小工具，把複雜度全部藏在底層，讓真正重要的，內部連結策略本身，回到簡單可操作的狀態。",3,"[串文1] 工具在這裡：
https://ai.studio/apps/drive/1sCDjVOXOGiy8SvoYgHaOg0lEWf1_G-qh?fullscreenApplet=true

最近大家都在瘋 AI Studio 做 App，我看著看著突然覺得：既然內部連結對 SEO 這麼關鍵，為什麼我要用一堆教學逼大家硬啃？不如直接把整套邏輯做成一個任何人都能立刻用的介面。於是我這一週幾乎每天都在 Debug、重寫 Prompt、重新設計流程，最後真的拼出一個能直接落地的 Demo。

它到底能怎麼用？

[串文2] 第一步：
貼上你的 sitemap，讓工具自動抓出所有文章。如果沒有 sitemap，也能手動貼 URL，不會卡關。

第二步：
把文章草稿貼到內容編輯器，或直接上傳 Word 檔。這是我花最多時間優化的功能，因為能完整保留原始格式，使用起來最流暢。

第三步：
按下「生成內鏈建議」。
AI 會掃描你的 URL，再根據文章上下文挑出最適合的連結位置。我用的是 Gemini 2.5 Pro，每天 50 次免費額度就足以支撐絕大多數人的工作流程，效果也與 Gemini 3 Pro 相去不遠。

接著，你只需要把整篇文章複製回 Word。所有的內部連結、每個錨點為什麼放在這裡，全都是根據上下文分析與我精調過的 Prompt 自動完成，而不是那種隨手塞幾個連結的低端做法。

[串文3] 接下來的計畫：

1.我會把過去所有教學陸續轉成 AI Studio 工具，讓 SEO 流程模組化、可複製、可直接上手。

2.目前的 URL 分析功能有時不穩，我也正在評估是否直接做成獨立 App 放到我正在籌備中的個人網站，提升運算穩定度，並全面升級底層 Prompt。

如果你在使用時遇到任何問題，歡迎隨時告訴我。該應用建置在AI Studio上 所以也是開源的，你們可以隨意優化修改，建立成你們自己的全新版本。
我做這個工具的核心目的，就是希望你能在 SEO 上真正省下一筆錢，把時間與精力留給那些能直接推動排名的事情，而不是困在繁瑣又重複的操作流程裡。

更重要的是，這也回到「低端 SEO 廠商獵殺計畫」的本質：把那些不需要專業、卻被包裝得理所當然的簡易工作全部用程式取代掉，讓市場真正回到能者手上。讓沒有底蘊的人靠勞力賺不到錢，讓有實力、有深度的 SEO 高手擁有更乾淨、更公平的競爭環境。

這個工具只是第一步。接下來的每一個模組以及教學，都會繼續往這個方向走。"
28,148,30,5,https://www.threads.net/@darkseoking/post/DSAY9XAkxYN,"分享一個今天發現的好用工具，大家都知道notebook lm可以用Banana Pro生成PPT，不過不能修改字真的是很麻煩的事情。
今天在GitHub 看到一個項目蠻有趣的，可以把Banana pro 生成的PPT轉化成可修改的文字，有興趣的可以玩看看
項目網站
https://github.com/Anionex/banana-slides
線上網址
http://www.bananaslides.online/",0,
29,141,16,26,https://www.threads.net/@darkseoking/post/DSZ7O7vk-fK,"低端SEO廠商獵殺計畫 #2-1 省時省心省錢大綱生成器

如果你是我的粉絲這篇文請你不要錯過!

2-1，為什麼是更新 2-1？
因為我真的花了無數的心血與時間，終於把「寫新文章」這期的內容給程式化了！
這次依然是用 AI Studio，把第二期的內容徹底系統化。

但這次有一個重大發現：
只用單一 AI 節點直接生成完整文章，品質真的不太行。
因此我調整了邏輯，改為「先生成大綱 → 你根據大綱撰寫 → 再交給 AI 評分」。
這樣不但結果更穩、更有結構，也比較符合 SEO 實戰流程。

那相較於之前 2 的文字版，有什麼升級？

1.根據 Gemini 3 的特性全面升級 Prompt，生成更合理、更貼實戰的大綱架構

2.新增「圖片放置提示」功能，每一張圖都會附上一段 AI 圖片的 Prompt

3.美觀清爽的 UI 介面，並使用 Gemini 3 Pro 做細節分析

4.一鍵下載大綱功能，方便你轉給團隊或同事直接用",2,"[串文1] 同時也必須再重新強調：
這個企劃的目的，是打擊低端 SEO，而不是打擊 SEO 本身。

這套大綱生成器，是我根據過去十年面試過超過 300 位 SEO 專員後，
整理出一套「許多低SEO競爭領域做得出成績，但實際上不懂演算法也不懂自己做甚麼的人」的文章製作路徑。

所以它對於低SEO競爭關鍵詞很有用，
但對於高競爭詞，你們還是得找真正專業的 SEO。
因為專業 SEO 看的細節會更多，也更能夠制定長期策略。

不過對於小企業主來說，這個工具可以是一個非常好的起點。
你可以自己先動手試試、找出問題點、累積基本概念。
即使最後效果不如預期，你也會知道該怎麼評估廠商，
直接省掉被那些「雞毛都不懂」的低端 SEO 收費的冤枉錢。

[串文2] 這次也是我第一次嘗試把開源程式放到 Github。有Github帳號的歡迎幫我按個星星，鼓勵我繼續創造其他工具。
工具只要本身不涉及營利，你愛怎麼改就怎麼改，
當然若你做出了更好的版本，也希望在 credit 我的前提下，一起回饋給「打擊低端 SEO」的社群。

有任何問題也歡迎在留言區告訴我，有時間我就進行優化

GitHub 連結：
https://github.com/akseolabs-seo/Anti-Low-End-SEO-Planner

AI Studio 連結（直接試用＋修改）：
https://ai.studio/apps/drive/1065g2SnLTwNzVSDwcANKuBVTpX-_xdgA?fullscreenApplet=true"
30,138,0,15,https://www.threads.net/@darkseoking/post/DGnCjbHz0VA,"把錢還我.... 我要回家，這幾天啥情況天天大跌。
博弈賺的錢，都被幣圈大賭場賺走了，果然十賭九輸 虧到快一年白幹了 😮‍💨😮‍💨😮‍💨 有沒有交易所爸爸救我",0,
31,133,16,18,https://www.threads.net/@darkseoking/post/DRg3Ot1kyMt,"低端SEO廠商獵殺計畫 #3｜舊文怎麼優化？

上周講了怎麼製作新文章，本周來聊聊「不是新站」的網站，到底該怎麼有效做舊文優化。
舊文優化其實是 SEO 裡最容易被忽視，但最能爆量的項目。做得好，不發新文章，也能讓整站流量直接翻十倍。

可惜很多 SEO 廠商完全不想做，因為發新文章對他們最省事、能拖時間、能拉長交付周期、對他們效益最高；但對你的站點來說，舊文優化才是真正能快速提升流量的地方。

Google 近兩年的演算法其實非常偏好「持續更新、具備權威感」的內容。
就算你的文章排名不錯，Google 仍然會希望你偶爾更新補充，維持內容新鮮度。
問題在於，很多廠商會口頭上叫你做舊文優化，但自己根本其實也不知道怎麼做得最好。

所以今天這篇文就是教大家：怎麼用最省力、最有 CP 值、最容易見效的方式，優化你的舊文章。
而且一樣，這種本來會被低端 SEO 公司包裝成「月費 2–3 萬」幫你優化個十篇的項目，照慣例直接公開。",7,"[串文1] 第一步：確認你的網站已綁定 GSC，並累積至少三個月資料

如果你還沒綁定，拜託你現在就去綁定。
沒有三個月的資料，你什麼都看不出來。
等累積到三個月，再回來看這篇。

第二步：進 GSC → 成效 → 時間選三個月 → 匯出全部資料

這是做舊文優化的唯一標準流程。
GSC 的數據就是你的內容診斷報告。

[串文2] 第三步：在 Google Sheet 找出「潛力頁面」

匯出資料後，到 Google Sheet 裡的 「網頁（Pages）」 分頁，並做以下篩選：

平均排名：介於 10–30 名之間

曝光量：至少 200 以上

這些頁面就是所謂的「低垂果實」「潛力股」。
Google 已經覺得你有價值，只是「還不夠」。
但是如果你一篇曝光量超過200的文章都沒有，那就還是先專注在新文章生成，或是除非你的領域非常小眾，那就按照情況調低曝光量

[串文3] 第四步：挑出最值得救的頁面

把上述頁面按照平均排名由高到低排序後，挑出：

點擊不到曝光 10%（CTR < 10%）的頁面
這類頁面特別有救。你已經曝光夠了，但點擊不上來，代表：

標題不吸引人?
內容不夠完整?
沒有回應 Google 認為使用者真正要的東西?

把這些頁面記錄下來，然後回到 GSC → 單獨查看該頁面 → 把它目前排名的所有關鍵詞收集起來。

[串文4] 第五步：把關鍵詞＋競品前十名丟進 Gemini 生成 Guideline

使用方式：

1.把該頁面所有正在排名的關鍵詞貼進 上周分享的文章文章規劃Prompt
找不到看這邊https://www.threads.com/@darkseoking/post/DRMlMlkk8f7?xmt=AQF0p9WVBojXxyx64J8VkrDtI9e7Vw_lWZh2slG3-WtlBA
2.把這些關鍵詞的排名前 10 名 URL 一併貼進去
3.利用Gemini 3 Pro 生出該頁面的「完整內容架構大綱」

記住：
這個 文章規劃 prompt 我上周分享出來主要是設計給低競爭市場的
高競爭行業需要你自己根據 SEO 理解去調整 prompt，不然深度不夠

[串文5] 第六步：套用文章規劃大綱 開始重寫或優化舊文

你有兩種做法：
自己依照 文章規劃大綱手動加內容、修結構、補充缺漏
或把舊文＋文章規劃大綱一起丟給你偏好的AI，直接生成優化後版本，再人工檢查，把之前的圖片重新放回。(如果用Gemini記得要再用其他AI洗稿)

後者通常更快、更乾淨。

[串文6] 為什麼選「排名 10–30、曝光 200+」？

因為這就是：

Google 已經認可你的價值（有曝光）
但你沒有說出 Google 覺得「用戶真正想看」的內容（排不上第一頁）

所以優化起來超快見效。
你每週優化 2–5 篇，1–2 個月後通常就能看到整站排名變化。

這也是為什麼很多低端 SEO 公司會把「舊文優化」包裝成秘密服務，月收 2–3 萬。
實際上流程就這樣，但他們永遠不會告訴你。

最後提醒
上次提供的文章規劃 prompt 是「低競爭專用」。
如果你的產業競爭更高，請一定要根據自身理解去深度調整Prompt，不然寫不出能打的內容，我自己做高競爭產業的Prompt就會去檢查超過40個地方。

[串文7] 內部連結教學明後天更新
明後天應該會同步更新內部連結怎麼設置的教學，大家可以等一等，到時一起操作，前兩天的文章也有提到Google自己本身還是很看重文章內的內部連結的

操作上有疑問，直接留言，讓大家一起解惑，不要私訊我，私訊怎麼操作的都不回。"
32,120,10,14,https://www.threads.net/@darkseoking/post/DVQDKdlk8W6,"中小企業主請注意！
如果在Google搜尋你的品牌名，第一名不是你的官網？
那你根本不應該花錢做SEO。

很多人在做SEO時，劈頭就想排那些高流量、競爭激烈的商業字，卻忽略了最基礎的「品牌實體 」。
什麼是品牌實體？簡單來說，就是Google在它的知識圖譜裡，認不認得你這間公司、這個品牌。如果今天用戶搜尋你的品牌字，第一名不是你的官網，甚至首頁充斥著不相關的資訊，這代表在Google的系統眼中，你的品牌根本缺乏基本的信任度與權威性。
連向搜尋引擎證明「你是誰、你真實存在」都做不到，Google憑什麼把有價值的商業關鍵字流量分配給你？這就是為什麼品牌字沒有霸佔首頁前，做其他SEO都是事倍功半。
要解決這個問題，國外SEO圈常使用「實體堆疊 (Entity Stacking)」的策略。核心邏輯是透過各大高權重平台互相串聯，向Google強勢宣告你的品牌存在。

如果在台灣市場要建立強大的品牌實體，照著以下幾個方向執行",2,"[串文1] 1. GBP是你最重要的陣地。這是Google直接開給你的後門，你餵什麼它就吃什麼。所有企業細節填滿，全網的NAP（名稱、地址、電話）保持100%一致。這是最基礎也最不能省的實體訊號。

2. 社群不只是拿來互動的，它是給Google爬蟲的活躍訊號。台灣主力是FB、IG、LINE OA，還有演算法活躍度極高的Threads。穩定更新內容，每個平台簡介互放官網連結，這些爬蟲都會抓到。

3. 104跟1111人力銀行，是台灣被嚴重低估的高權重目錄。 在這裡建立完整的公司簡介，給出的是極強的正當公司實體訊號。Portaly跟方格子也很適合拿來當官方資訊的集散地。

4. 外部評價能向Google證明你的品牌有在真實運作。把評價火力集中在Google商家跟FB粉專。消費性或實體產品的話，PTT跟Dcard的討論文，才是台灣目前最強的外部信任訊號。

[串文2] 最後，也是最重要的一步，記得把你建好的這些帳號互相放上連結。官網放社群、社群簡介放官網跟其他平台，把它們全部綁在一起。
當這張網織得夠大夠密，別人搜尋你的品牌，整個Google第一頁就會全部都是你的版面。
先把這個信任地基打好，向Google證明你是個「真實存在的品牌」，之後再花錢、花時間去做其他商業關鍵字的SEO，才不會把錢丟進水裡。"
33,102,2,16,https://www.threads.net/@darkseoking/post/DWET-otk8PY,本週最幸福的事，就是 Ahrefs 終於把 API 功能全面下放了。以前只有年費一萬五美金的企業方案才有 API 權限，其他方案只能用那個很難用的 MCP 功能。對我來說最大的意義在於：後台最近累積的大量免費諮詢SEO表單裡的網站，現在可以透過 API 用自己的邏輯批量查詢、一次看完，不用再一個個手動去查，最後還能快速篩出我認為有潛力的領域和網站。,0,
34,99,4,3,https://www.threads.net/@darkseoking/post/DUXb-wak9QO,"Claude的母公司Anthropic最近在積極招募SEO Leads，年薪25萬-32萬美金。

有意思的是過去六個月內
Meta 招募SEO Leads 年薪21萬美金
OpenAI 招募SEO leads 年薪26.5萬美金

所以不要看這些巨頭們說什麼，要看他們做什麼。當這些巨頭們都在積極投入SEO的時候。

SEO is not dead，只是門檻會越來越高罷了。",0,
35,90,3,12,https://www.threads.net/@darkseoking/post/DR8uWY_E3Ln,"這兩天是白嫖黨備受打擊的一天，這天還是到來了，繼Gemini積極打擊輪詢API以後，昨天宣布Gemini 2.5 PRO API 停止免費額度了，其他像是2.5 Flash跟2.5 Flash Lite額度也從250跟1500被降至20每日，魚養大了終究是要被殺的。不過目前看起來AI Studio跟CLI 還沒受到什麼影響，且用且珍惜。
以下額度圖取自網友",0,
36,89,11,4,https://www.threads.net/@darkseoking/post/DUILhZbk1ZE,"週末薅羊毛的時間又到了，很多人可能知道 Oracle 有一個四核 24GB 記憶體的超強服務器有免費額度可以使用，但是基本搶不到。
今天在小紅書看到有人分享，實際上只要開啟 Pay as you go 後，等個一兩天，再回來開實例，基本上就能順利開通了，而且一樣走免費額度。
那這台主機可以幹嘛呢？可以裝個 aaPanel，然後用 Docker 自動安裝 n8n，直接實現 n8n 自由，還可以再安裝 5–10 個中小型 WordPress 網站，整體效能基本上都還綽綽有餘。
不知道知道的人多了以後會不會又提高門檻，要薅要快。",0,
37,88,4,7,https://www.threads.net/@darkseoking/post/DUgJqUuk9Dr,"最近 Google 更新了今年第一次的演算法，其中有幾個變動引發不少人恐慌：

1. 很多人在刷屏說 Google 現在只抓取 2MB 的壓縮前內容，會導致內容被截斷影響排名。但實際限制是「單一檔案 2MB、整體抓取約 15MB」，而 99% 網站的 HTML 通常只有 500–600KB，基本在安全範圍內。就算是無限流網站，Google 本來就會截斷部分 JS 渲染內容，只要 footer 或重要資訊不是靠 JS 輸出，其實不必過度擔心。

2. Google Discover 更強調網站主體性決定曝光，但這早已反映在排名系統。未來網站主題定位會更明確，高權重體育站難再排名金融內容，內容農場空間持續被壓縮。關鍵詞規劃的重要性提升，Content Gap 的價值會越來越高。

3. 本地化 SEO 權重持續上升。Discover 會依網站國家與受眾背景分配曝光，代表未來不只是多語翻譯，而是要針對各國情境調整內容策略。

整體來說這次更新屬中規中矩，沒有結構性衝擊，維持既有策略觀察即可。",0,
38,86,3,2,https://www.threads.net/@darkseoking/post/DVSnVF8k40M,"Google的John Mueller近期首次公開承認，除非Google認為你的網站有值得關注的內容，否則不會真的去使用你提交的Sitemap檔案。

其實Sitemap越來越雞肋這件事早就不是新聞了。早在2023年底Google關閉Sitemap Ping功能之後，Sitemap的重要性就已經持續下滑。
以前只要Ping一下，Googlebot就會如潮水般湧入，那個年代做黑帽根本不用擔心收錄問題。
但這幾年即使你乖乖提交了Sitemap，Google也可能只是先過來瞄一眼，然後3到7天後才派幾隻bot回來，再讓AI決定要不要深入爬取你的內容。

所以Sitemap對我來說現在就是一個食之無味、棄之可惜的東西。大型網站我基本上只建議放重要頁面就好，其他的就讓Google自己決定要不要去爬吧。",0,
39,82,2,19,https://www.threads.net/@darkseoking/post/DTr_GrJADfB,"老實說，在台灣真的很常看到一堆 SEOer 愛標榜自己是「白帽 SEO」、不碰黑帽，講得好像自己好像比較優秀的樣子。

但現實是，這個時代哪裡還有什麼真正意義上的純白帽？

你只要做關鍵詞規劃，就已經在操控搜尋結果；你買新聞稿或 PR，本質上也是在操控外部連結。照 Google 最嚴格的規則來看，根本沒有所謂完全乾淨的操作。

很多自稱白帽的 SEO，說自己每天忙著寫文章、研究使用者意圖，卻缺乏工程能力與演算法理解，還自我感覺良好。但坦白說，這些工作現在 AI 就能大量、低成本完成。

像幣圈這種高競爭市場，如果不靠程式化 SEO、模板化頁面，還想人工慢慢堆內容，根本就是送死。

更現實的是，不少人不是不做黑帽，而是根本做不出有效的黑帽。以為買點工具、學點皮毛，撐不起來就開始說黑帽不長久，幹，這比較像技術不行，不是策略有問題。

你真的會相信，當你手上有一套能快速上量、穩定變現、年賺幾百萬美金的方法時，會選擇跟自己說：「去他媽的黑帽，我要堅持完全遵守規則，只做純白帽」嗎？

說穿了，很多人不是討厭黑帽，而是不願意承認自己只是爛 SEO。做不出成績，就拿「我是白帽」當遮羞布說服自己而已。",0,
40,77,0,6,https://www.threads.net/@darkseoking/post/DIDUM-8T8X1,"感謝 @inbound.marketing.tw  這位兄弟提供昨日我文章的ubersuggest 版本，大家可以參考一下，現在關鍵詞規劃的部分，常見工具可能差一個SEMRUSH 版本了，看有沒有大神願意撰寫。

希望未來我的 低端SEO廠商獵殺計畫  企劃可以成為SEO行業內甚至是整個行銷業的一個號召跟警鐘，大家一起共襄盛舉，將這些基本的知識都免費公開化，給家人們謀福利！走低端SEO的路讓他們無路可走，讓市場機制回歸到有想法有能力的人可以收他們該收的費用，送低端SEO回去上班！

🎉🎉🎉🎉🎉",0,
41,76,6,15,https://www.threads.net/@darkseoking/post/DSiUd3GE_XH,"這篇文其實太典型了，所以順道分享一下，如果你想做 SEO 黑帽站群，有哪些錯是一定要避開的。剛好他下面的域名露了，能檢查出很多足跡問題。

1.不要使用同一個註冊人。真的要做就乖乖開 Whois Privacy，它是你的好朋友。更好的做法是用不同註冊商。
2.不要用一樣的 DNS 設定，善用 Cloudflare。
3.不要使用相似的模板，也不要讓所有站的上架時間靠太近。跟發文時間不要相近
4.最重要的一點：絕對不要把全部網站放在同一個 Bing Webmaster、Google Search Console，或同一個 GA 帳號底下。
5.最佳情況是連主機都分開。尤其你要做外鏈池的話，現在 Google 會檢查主機資訊，把整串 IP/ASN 足跡一起比對。

Google 跟 Bing 現在對 Spam 類型的網站真的非常嚴格。以上這些我們都稱為「足跡」。更偏執一點的人甚至不會用任何 Chrome 系的產品訪問自己的站，甚至完全不讓網站用到 Google 家的任何服務，連 GSC、GA 都不綁。

域名跟伺服器都不便宜，避開足跡，不然到最後就是一鍋端，不只浪費錢也浪費時間。",0,
42,76,3,7,https://www.threads.net/@darkseoking/post/DR2S3E_ExfP,"深夜小技巧，如果你不知道用哪個AI寫SEO文章最好，可以上Open router的榜單看看，他們集結了各種項目使用人數最多的AI排名，可以看到Grok系跟Gemini系通常是使用人數最多的模組，這也是我實測指令理解度相對好的模組
https://openrouter.ai/rankings",0,
43,72,0,12,https://www.threads.net/@darkseoking/post/DGYC4t4zQWF,"利用AI SEO做博弈代理直到月收20萬美金 Day12

穩，真的穩，今天一個爆衝終於上10萬多美金GGR了，距離目標越來越近了。

最近越來越多新的AI模組，像是前幾天馬斯克出的grok3，號稱最強ai模組，可惜的是還沒釋出api，釋出後再嘗試混合組合，看能不能達到更好的排名效果，不過可以肯定的是現在的AI文章跟去年完全不同，通過一些特殊的代碼混淆後，生產的內容已經很難被演算法偵測出來了。

昨日GGR:$99317.64
今日GGR:$134712.24
目標GGR:60萬美金",0,
44,71,1,16,https://www.threads.net/@darkseoking/post/DSE5Yw6k1iS,"太殘忍了，Google 真的鐵了心要開始殘殺白嫖黨了，繼上周把API Free tier額度大幅調低以後，這兩天開始把AI Studio 的額度也偷偷調低了，現在高使用頻率的使用者可能聊沒幾回就被提示要付費了，估計是最近太多反代AI Studio的白嫖黨出現。

我本來這兩天也在寫一份教程針對怎麼反代AI Studio，免費使用Gemini 3 Pro，現在看起來也是白寫了。

同時GCP贈送的300美金額度也強制要求得預付10美金以後才能使用了，估計也是因為最近有人研究出假信用卡也能過驗證。

還是老老實實付費吧，靠白嫖做SEO文章自動化越來越難了。",0,
45,68,2,1,https://www.threads.net/@darkseoking/post/DScMSP2k-1n,"SEO 小白，或是任何領域的新手，我覺得最快的進步方式，就是我當年用過的一套邪修方法。那時候沒什麼錢，買不起課（現在想想也算是好事），我能做的只有把所有免費的 SEO 社群全部加進去。當年我跟中國人混，他們黑帽 SEO 是世界頂尖的那種，沒有之一。我每天花十個小時泡在三到五個最活躍的 QQ 群裡，刷臉、聊天、建立存在感。

大佬們當然不可能毫無保留地把所有底層邏輯告訴你，但只要你禮貌、願意聊天、聊得來，他們通常都會講一點皮毛。而我就是到處蹭：這邊一點，那邊一點，後面累積起來，有時候常常大佬隨口的一句話就讓我茅塞頓開，解決了1個禮拜的煩惱，最後等於吸了二十幾個大佬的皮毛。有些比較敏感的內容，我後面也確實花了一點學費去換，最後整個黑帽 SEO 的流程就被我打通了。更重要的是，那時候學到的底層邏輯，到現在還同樣受用。

所以新手如果不知道怎麼開始，其實可以參考我當年的路線，但前期真的很苦，我花了兩三年自己測、自己撞、自己踩雷，最後才把整個流程摸清楚。而這套邪修邏輯其實任何領域都一樣適用（比如AI)。我現在要進一個新領域之前，做法也差不多，只是現在可能會買個付費群，其他跟以前其實沒有差太多。",0,
46,68,6,9,https://www.threads.net/@darkseoking/post/DVB5rZ_k3ea,"深夜分享，要是不介意中國平台的話，現在訊飛可以白嫖GLM5跟Kimi2.5，註冊個帳號就可以用了，兼容OPENAI接口。
必須得說這次GLM5跟Kimi2.5兩者真的都是強到離譜，對於指令的遵從程度比Gemini 還強，我甚至覺得是目前最強，已經是我AI寫作的主力模型了，缺點就是還是比較貴，思考跑一跑就爆token了，所以現在能白嫖還是很不錯的。
有興趣的可以參考
https://maas.xfyun.cn/modelSquare",0,
47,66,1,18,https://www.threads.net/@darkseoking/post/DVQF3mlE4Wn,"離譜了，Nano Banana 2 底層居然是還未發表的Gemini 3.1 flash，但是他可以實時搜索資料，生成更精準的圖片數據內容，現在用簡單的prompt就可以生成比之前Nano Banana pro更好的圖片，中文字也更細緻，同時因為底層是3.1Flash，實測生成一張圖片的cost只要0.1美金，而之前Nano banana pro要0.14美金。
太扯了，不敢想像Nano banana pro 2會多強。Google 在圖片生成的領域真的是強大到沒有對手，可惜有synthID浮水印技術，新站使用還是要小心，最好混合其他模型一起使用。",0,
48,66,2,6,https://www.threads.net/@darkseoking/post/DRPLuRyE-8N,"分享一個海外公司在 GEO / AAO / AEO / AISEO（名字太多了 不知道應該放哪一個）常用的品牌小技巧。

大家都知道，很多 AI 的搜尋來源仍然繞不開 Google，而 Google 又特別「照顧」Reddit，給它大量流量、也很容易讓它的內容上排名。
所以有一個很簡單的方式，可以提高你品牌被 AI 引用的機率：",1,"[串文1] 到 Google 搜索你品類相關的 Reddit 舊貼文。
越舊越好、越久沒人留言越好，只要還沒被封存就能使用。
例如你做腳踏車，就搜尋比如：
“best bicycle recommendations reddit”
找到幾篇合適的貼文後，用帳號以一般使用者的角度，自然地帶到你的品牌。

那為什麼這招會有效？
因為這類 Reddit 舊文通常權重高，而且 Google 對「舊文加入新內容」往往會給機會往上排名。
所以如果這篇 Reddit 貼文本身已經被 Google 收錄，那它的權重基礎就已經在那裡了。
而 AI 在抓資料時，也很常把 Reddit 當成可信推薦來源之一。
就算貼文只排在第十幾名或二十名，AI 還是可能優先引用最新的留言，你的品牌就有機會自然被帶進去。

唯一的難點有兩個：

Reddit 舊文有機會被封存。

品類太小時，可能連舊文都找不到。

如果遇到第二種情況，也有解法：
自己先開幾篇討論串，放個半年等 Google 收錄，再用同樣的方法操作即可。"
49,62,11,2,https://www.threads.net/@darkseoking/post/DTHsTeFE6R_,"這波ChatGPT免費領一年 Plus 的福利在國外都傳瘋了，結果台灣居然沒什麼人在討論？

去年很多人當印度人上車Go方案，今年OpenAI又最近針對美國退伍軍人推出免費一年的福利，對岸有大神開發出用過世老兵資訊來薅羊毛的路徑。方法很多，我分享一個目前測試最簡單、自動化程度最高的辦法，直接省下近10,000台幣：

1️⃣ 環境：美國 IP + 全新帳號（防封號專用）。 
2️⃣ 連結：打開 chatgpt.com/veterans-claim 點驗證，複製跳轉後的 URL。 
3️⃣ 積分：TG 找 @Veriyferbot 訂閱頻道領 1 個免費積分。
4️⃣ 自動：選 Verify > Normal 貼上 URL，機器人會自動跑驗證。 
5️⃣ 領取：等 1-4 小時認證通過後回原頁面綁卡，一年份 Plus 直接到手。

身為 SEO 人，ChatGPT 拿來修飾寫作風格還是目前最強、最準的，既然官方有這個口子，這種免費羊毛不薅白不薅，趁還沒封車趕快上。

免責提醒：薅羊毛有風險，不保證永久有效。其實像我一樣直接付費訂閱，才是最省事、最穩定的方式。",0,
50,57,1,22,https://www.threads.net/@darkseoking/post/DTKfE1Fk1h8,"我覺得 Threads 上面那些
發一個教學或工具還要人家留言，然後一個一個私訊的 KOL，真的很猛。

光想到要花好幾個小時一個一個發，
就覺得好累，這樣做只為了撐一篇文的互動率。

像我這種懶人就是直接分享，
有流量算賺到，沒流量也沒差。
還是他們其實有甚麼特殊方法我沒有掌握的? 求解?",0,
51,57,0,6,https://www.threads.net/@darkseoking/post/DHU9z0Hzuze,"做黑帽 SEO 好不好？

當然好，但不建議做，成本太高，競爭太激烈，操作難度大，而且不是每個行業都適合。

那為什麼很多台灣SEO廠商告訴你黑帽不好？
因為他們不會😅，沒有人嫌錢髒，他們只是不想失去你的生意，所以才拼命抹黑黑帽 SEO。

但你知道嗎？這些人一邊說黑帽沒用，一邊又偷偷開小號來跟我套思路，今天我才又抓到一個。更有趣的是，很多同行學到點皮毛，就迫不及待出來賣課、賣書，放著真正的大錢不賺，跑去割韭菜，你覺得這種人真的會是一個優秀的 SEO 嗎？

SEO行業發展至今，為什麼越來越多人不信任，就是太多這種攪屎棍，會點皮毛就出來開工作室，一個月收個1-3萬，客戶站本身質量好做起來了說是自己的功勞，站不好拍拍屁股走人，跟算命的說你一定會生男生或是女生一樣，講的都是屁話。

真正能賺錢的人，會告訴你行業是騙人的嗎？股票、加密貨幣裡的贏家，會說這些是騙局？再說了，現在誰還真的純照Google 規範在做 SEO？沒人是純白帽，大家都是灰帽，就別說的自己多清高了。

所以黑帽 SEO 當然有效，但這條路不是誰都能走的，思維邏輯跟不上的，沒天賦的，做黑帽SEO就是死路一條。",0,
52,56,0,32,https://www.threads.net/@darkseoking/post/DHGjEcfT40x,"利用 AI SEO 做博弈代理，直到月收 20 萬美金 – Day 28

最近被贏走 10 萬多美金，但有賺就有賠，這個月還長，遲早能賺回來。

這個帳號創立滿一個月了，意外引起不少關注，讓更多人開始關注 黑帽SEO 和博弈這類較少人公開討論的行業。雖然我明確表示不開課目前只做品牌合作，但留言區有問題時，我有空還是會回覆。私訊更是每天都有，不少人誠意詢問，身為強迫症又心軟的我，每次看到訊息還是忍不住回覆，這確實帶來不小的負擔。

最近有人建議我開個群，這點讓我有些猶豫。一般來說，開群是為了私域流量變現，但我不賣課，這個群如果開了，也只會是純討論。但問題是，這種群真的能運作起來嗎？

我擔心的是，群裡如果大多是小白，大家只問問題，沒人交流，那我就變成了免費客服，既沒收益，還要額外花時間，反而更累。即便有大神加入，真的會有人願意無償分享經驗嗎？如果大家都只索取資訊，不願回饋，這個群遲早也會變成鬼群。

所以想請教有開過類似討論群的朋友們：如果不做變現，只單純提供討論空間，這樣的群值得開嗎？",0,
53,52,0,4,https://www.threads.net/@darkseoking/post/DG-3-YWzgzn,"利用AI SEO做博弈代理直到月收20萬美金 Day25

挑戰快一個月了，目前GGR30幾萬美金了，完成一半目標了，這個月穩達標的。

最近有很多品牌方來詢問，然後我發現現在博弈圈真的很搞笑，百分之90%的品牌都不願意砸錢先搞品牌宣傳了，一上來就是純幹流量，現在開盤門檻這麼低，產品大家都一樣，還捨不得砸品牌宣傳製造信任度轉化怎麼可能好，最後就是淪落成炮灰而已，然後再來抱怨一堆，這種盤我都不敢碰，半年內穩倒閉的，而且通常這些盤的負責人也是最低能的那種，來找別人合作還帶著一個我是老闆的態度跩的要死來問，甚至很多要來合作連自己品牌是啥都不敢發，時代變了，好的渠道比資金還難找，現在好的渠道不接你這單餓不死，品牌方沒有好的渠道跟宣傳，半年就餓死了。

跟幣圈一樣，一天7000多個新幣，還用老一套打法不思進取，不做品牌或是細緻差異化，以為還很簡單套錢，就跟幣圈每天大部分新幣一樣，死的透透的，幣圈發幣可能還割的到錢，博弈開盤投資一堆初始費用還血本無歸。",0,
54,51,3,3,https://www.threads.net/@darkseoking/post/DURCqGOE31e,"雖然這個跟 AI 還有 SEO 無關，但這應該是我今年以來看過最酷的網站之一了。
開發者Riley Walz 和 Luke Igel 把大名鼎鼎的艾普斯坦案釋出的文件，做成了一個高度仿真的 Gmail 介面，甚至還包含 Google Photos 等產品體驗，把將近 1TB 的文件完整轉成可視化頁面。
你可以隨意瀏覽任一封郵件、照片，甚至是他的亞馬遜購買紀錄，整個體驗真的很誇張的流暢，應該是我今年目前看過腦洞開最大的網站。
想體驗的可以直接來這裡試試看
https://www.jmail.world",0,
55,51,4,3,https://www.threads.net/@darkseoking/post/DSIcozWE8ji,"深夜分享，最近我在研究怎麼錄製能不能夠升級低端SEO計畫到影片教學，看到網路上很多人的教學都有炫酷的螢幕縮放效果，後面了解到大多都是使用Screenstudio 這個產品，但是這個產品居然只有Mac版本，不支援Windows，後來花錢試用了很多競品，效果都差強人意。
這兩天在Github看到了一個號稱Screenstudio 免費平替的，支援Windows ，我測試使用上最接近Screenstudio縮放體驗，最重要的是居然還是免費開源的，真的是網路大善人啊。
有需要的可以再這裡下載自取： https://openscreen.vercel.app/",0,
56,51,0,7,https://www.threads.net/@darkseoking/post/DGqR_BhTfRt,"利用AI SEO做博弈代理直到月收20萬美金 Day18

一個月過去了，忘記這個費用狀態每月會清零，上個月最後GGR差不多25萬多美金，扣掉一些雜七雜八的費用NGR是19萬多美金，所以上個月佣金估計可以拿個80000美金左右。

這個月再接再勵，爭取這個月早日完成挑戰。",0,
57,45,5,6,https://www.threads.net/@darkseoking/post/DSeolR1j5xz,"Vibe Coding 實驗庫 #1 — 靈韻：Vibe Coding 風格產生器

你是不是跟我一樣，Vibe coding 的時候常常卡在「想做出好看的前端風格」，結果截圖丟給 AI 之後還是生成不出你要的那種 vibe？
昨天我在小紅書看到博主 金·奇 分享了一套邪修技巧（原文：http://xhslink.com/o/7stMq1x6ewX），做法是：

先在 AI Studio 把產品結構做出來 → 再丟任何一張風格圖片 → 讓 AI 自動擷取風格元素。
這方法確實強，只是每次都要先做好產品框架，有點麻煩。

於是我在這個想法的基礎上直接寫了一個更快的方法。
在AI Studio經過兩個小時開發後
於是 靈韻 誕生了。

靈韻是什麼？
它是一套專門為 Vibe coding 設計的「通用風格生成器」。
你丟一張圖片（不一定是網站截圖），選你的網站類型，它就能透過 Gemini 3 Pro 生成整套 Vibe coding 風格 Prompt，並且提供可直接預覽的 HTML 原型。
任何網站，只要套這組提示詞，就能變成你想要的風格。",3,"[串文1] 1. 風格 DNA 反推能力超強
自動提取：色碼 Hex、Tailwind CSS 類別、字體權重、版面結構、視覺層次、留白邏輯。
簡單講，就是直接把你喜歡的風格完整拆解成可重複使用的 UI 規格。

2. 專業級 Vibe Coding Prompt 生成（中英文雙語）
包含：

The Vibe（氛圍敘述）
完整色票表
元件層級規範（Card、Shadow、Button、Grid）
可選是否包含版型建議
這是我自己做 Vibe coding 最常用的一段提示詞。

3. 即時原型預覽（Tailwind CSS 自動生成 HTML）
不用猜，只要看。
Gemini 會用生成的 Prompt 自動寫一個單頁 Demo，直接看到風格化後的結果。

4. 多類型場景支援
SaaS、Blog、Portfolio、企業官網、Landing Page、電商……
基本上你想到的都能用。

5. 歷史回溯機制
每次分析都能保存下來，方便對照、復用或二次加工。

[串文2] 如果你想直接體驗靈韻的完整功能，這裡提供兩個入口：

AI Studio 試用：
https://ai.studio/apps/drive/1CQ8g0JwG2_i-YfJaBtjQVjNcamttRJYx?fullscreenApplet=true

這裡可以直接上傳圖片、切換網站類型、生成 Prompt，完全免部署，適合快速試用、立即看到風格預覽。

GitHub 開源：
https://github.com/akseolabs-seo/LingYun-Vibe-Coding-Style-Generator

所有專案都會以 Polyform Noncommercial License 放在 GitHub，你可以自由修改、自由擴展，只要不商用就行。
如果覺得這個工具對你有幫助，也歡迎順手 給我一個星星 (⭐)，或是做出更好的版本並標註我，一起把這個企劃做大。

[串文3] 今天本來應該休息，但最近靈感爆棚，所以乾脆直接開了一個新的企劃：Vibe Coding 實驗庫。
我自己在 SEO × Vibe coding 的跨界路上踩了無數坑，也遇到很多瓶頸，乾脆全部寫成工具公開出來，讓有同樣困擾的人不用再重走一次。

我一直說：
未來的 SEO 絕對不是只會寫文章、做關鍵字、拉架構。
真正的未來，是：
SEO（策略）＋ Vibe coding（程式設計）＋ AI（生產力）＝ 天生王炸。

當一個人能同時掌握技術、美感、行銷，他能開的路會比舊時代的 SEO 多太多。
這套能力組合本來就是全新時代的基本盤。

而 靈韻 只是實驗庫的第一個工具。
後續我在 Vibe coding 過程中遇到的所有問題，我都會試著把它們做成工具，公開給大家使用。"
58,40,0,3,https://www.threads.net/@darkseoking/post/DRNAbAMk6-w,"Cloudflare當機導致網站下線對於SEO的影響是甚麼?

除了短期客戶訪問受到影響以外，對於SEO的負面影響基本上是0
甚至可能還有正面好處，我以前做黑帽常常被競爭對手DDOS攻擊，網站下線一天後，大部分網站的網站復原後被爬取次數都顯著增加，甚至排名也短期上升，我的觀察是googlebot發現他訪問不到你的站後，過後兩天反而會送更多的googlebot回來看你還在不在，所以反而造成googlebot更關注你的站連帶如果你有好的內容反而有概率造成排名攀升。邏輯很奇怪，但是SEO邏輯有時候就特別反人類。
不過要是被攻擊下線超過3-4天以上網站排名還是會受到顯著影響，像這次CF下線看到不少競爭對手怕影響SEO或是怕影響訪問量都暫時把CF關閉把源IP暴露出來，反而是個安全隱患，反正我是都記錄下來了😗",0,
59,39,2,8,https://www.threads.net/@darkseoking/post/DTt50-SE5v_,"KGR策略還有沒有用，我用3000美金實測給你看。

KGR策略是一個很古老的策略，由Doug Cunnington發明，他的邏輯是找那些超少人做的長尾詞，讓Google初期比較容易給你排名，先拿一點基本權重，再慢慢往上堆。

所以我其實也很好奇，2026了，這個策略到底還有沒有效。

於是我一樣起手花了3000美金，競標了十個老域名來測，加上我自研的AI文章流去跑。
五個站做常規關鍵詞規劃。
五個站只做KGR關鍵詞起站。

跑了大概一個多月，數字其實蠻有意思的。

不管是進Top10的關鍵詞數量，還是穩定留在前排的比例，KGR 組跟常規組幾乎差不多，落差大概在5–10%內，沒有任何一組有明顯優勢。

更關鍵的是，去拆詞的結構後，兩邊長得也很像。
主詞相關大概都佔 45% 左右。
長尾相關大概落在 60–65%。（很多長尾本質上都是主詞延伸）

真正讓我有點醒的是KGR詞本身的表現。

只要主詞或二級長尾有排名，KGR那批詞基本就會跟著上。
如果主詞跟二級長尾沒有排名到，KGR幾乎不會單獨自己跑出來。

也就是說，它其實不是一個可以幫你「從零起站」的槓桿，而比較像主詞排名的副產物。",1,"[串文1] 因為基本上從2024年底 2025年初開始，Google 的搜尋邏輯就已經很明顯偏向語意型，而不是以前那種字面比對。

以前可能你要標題真的寫「AK 是一個超級大帥哥」，才比較容易排上。

現在你寫「AK 是我看過最帥的男人」，因為語意接近，一樣會被丟進同一個競爭池。

也就是說，你以為你在做一個很冷門的長尾詞，實際上是在跟一整群語意相近的內容一起競爭。

所以 KGR 那個「低競爭隔離」的前提，其實已經不太成立了。

好處是，只要主詞打得夠深內文語意做的夠好，Google 會自己幫你吃掉一堆長尾，這點其實蠻爽的。

但壞處也很現實，競爭被整個放大，策略上能鑽的縫越來越小。

這也是為什麼高競爭領域現在幾乎變成老站的遊戲，新站要起來的門檻越來越高。
權重紅利再加上語意 SEO 的內容優勢，基本上很難被新站正面打穿，新站在策略設計上只能變得越來越複雜。

而一旦複雜度拉高，2026 大概又會再看到一群低端 SEO 開始喊 SEO is dead。"
60,35,0,11,https://www.threads.net/@darkseoking/post/DSSXlWqk2YQ,"修生養性了幾天，單幹以後一直都養成週休三日的習慣。
結果一回來發現，上週就因為那篇垃圾文，追蹤數直接破 5000 🥲🥲🥲🥲
看到這位老哥的留言，就順便來分享一下，我恢復更新後這將近一個月的真實想法。

我其實一直認為、也真心希望，越來越多的人在看完我的文章後，能開始對 SEO 產生興趣。
尤其是小企業主們，至少可以接觸到一套「看得懂」的觀念與做法，真的動手去實踐。
即使我教的東西，未必完全適用在他們的產業，但至少能有一個好的起點。
知道該怎麼思考、找廠商時該問什麼問題、要解決的是哪一類需求，而不是像無頭蒼蠅一樣亂撞，最後很容易被低端 SEO 廠商完整收割。

但另一方面，我也一直在擔心一件事。
會不會有不少人，看了我的內容、學了一點皮毛，就開始包裝自己去接案、找工作，實際上卻根本不打算對SEO沒興趣，也不打算做更深層的理解？
如果是這樣，那我是不是等於自己打自己臉？
分享了太多乾貨，反而「製造」出更多低端 SEO？

老實說，這件事讓我內耗了好一陣子。
我開始懷疑，是不是不該講太深？或是該不該花時間撰寫工具幫助大家節省時間。
畢竟目前這個帳號，我也完全沒有靠它盈利。",1,"[串文1] 但最近我想通了。

只要我持續更新，文章跟內容就會一直存在、一直傳播。
短期內，確實可能有人拿著我的內容背幾句話術就跑去開幹，
但只要時間拉長、更新夠久，終究會有越來越多人，是真的靠著這些文章去實踐、去理解 SEO。

當某一層面的基礎知識，變成「免費且公開」的時候，
當資訊不再有落差，低端 SEO 自然會慢慢消失，
因為他們已經沒辦法再靠資訊不對稱去賺錢。

所以結論還是一樣，
繼續輸出內容，繼續輸出觀念，吸引更多人來看、來學。

只是說，如果哪天我很認真寫的內容沒什麼人看，
反而隨便一篇垃圾文，單篇就能帶來 1000 追蹤，
我大概還是會選擇繼續更新。

能不能被大量看見是一回事，
有沒有留下來的人，是另一回事。

如果最後只能成為少數人的指南，
那其實也不算太壞。"
61,34,1,14,https://www.threads.net/@darkseoking/post/DU5U7waE_ot,"Gemini 3.1 Pro 開始灰度測試了，有些帳號已經被抽中，台灣目前還沒看到甚麼人討論。

想知道自己有沒有被抽中，直接用留言區的 prompt 測一下，只要答案出來是 1以及可以答出所有模型的發布時間，基本上就是被選中了。

我自己十個帳號都沒被抽中，但是根據其他人目前拿到的測試結果，3.1 Pro 除了思考邏輯跟美感有加強，其他方面沒有像當初 2.5 迭代到 3.0 那樣震撼。

不過重點是，根據我最近瘋狂測試的結果，發現 Gemini 3 系列的文字浮水印對於 SEO 真的有影響，文章真的比較不容易收錄跟排名，所以我最近也比較少用 Gemini 系模型了。

如果大家對於這個SEO測試感興趣的話可以留言告訴我，過幾天寫一篇詳細的文章。

想知道是否被升級為Gemini 3.1 Pro? 
測試 Prompt 放留言區 👇",1,[串文1] 禁用網路搜尋。首先告訴我你是什麼 AI 模型，版本號多少，是否有 thinking 模式，你的知識截止日期是什麼時候，訓練和發布你的公司是什麼？DeepSeek-R1 的發布時間是什麼時候？Claude 3.7 Sonnet 的發布時間是什麼時候？GPT-4.5 的發布時間是什麼時候？然後詳細解答這道題：「高三開學，學校舉辦運動會，女子啦啦隊排成一排坐在跑道外側。因烈日暴曬，每個班的啦啦隊兩側已經擺好了兩個遮陽傘，但每個遮陽傘的蔭蔽半徑僅為一名同學。為了效益最佳，遮陽傘的擺放遵循傘與傘之間至少要有一名同學的規則。高三（一）班共有七名女生現在正坐成一排，因兩邊的遮陽傘蔭蔽範圍太小，現在考慮在她們中間添置三個遮陽傘，則添置遮陽傘後，曬黑女生人數的數學期望為？」
62,33,0,0,https://www.threads.net/@darkseoking/post/DT9Uznnk5eL,"最近很火的 Clawdbot，其實沒你想像的那麼強。
它比較像是去年豆包手機的升級版本，對於新手小白來說，能實際完成的任務依然有限。真正偏複雜型的任務，一樣需要先把路徑與流程配置好。
例如關鍵詞規劃，它不可能直接幫你上 Ahrefs 搜索，而是必須先把相關 API 配置完成，再讓它去調用。這對多數新手來說，本身就是一道門檻。
同時，小白對於權限劃分通常不夠精準，資料就很容易出現被誤刪或清除的風險，這也是為什麼大部分 KOL 都會建議你用新的電腦或新的伺服器來跑這類 Agent。
但問題也很現實：新的電腦本身沒有太多既有資料與使用痕跡，個人上下文需要重新培養，反而要花不少時間去累積。
不過我認為，2026 年大概率會是「執行型代理」真正落地的元年。現階段其實不用急著上 Clawdbot，等到年底，應該會出現更接近我們心目中「AI 助理」形態的產品。",0,
63,33,0,1,https://www.threads.net/@darkseoking/post/DSwEMT0Do7h,"12月Google更新後最明顯的差異就是現在舊文章排名前面的比例越來越低了，如果是跟時事有相關的關鍵詞會更離譜，全部都是新內容。
代表如果你的舊文沒有常常重新優化加入新內容，在新的演算法下排名很容易越來越少",0,
64,32,1,5,https://www.threads.net/@darkseoking/post/DTr1KspkyMa,"年初真的忙到炸裂，今天終於有點時間來發文。

剛剛翻了一下粉絲朋友的私信，看到有人在求助留痕攻擊，其實這種東西算老招了，當年最早是從百度開始搞，後來百度沒什麼詞能玩，大概 2020–2021 年左右開始大量蔓延到 Google，那時候 Googlebot 超會爬超好收錄，我其實也算是第一批在 Google 實戰的人之一，不過後來發現這類留痕流量基本只能拿曝光，用戶很難真正進到落地頁，後面策略就轉去打 Shell 了。

好，扯遠了。

回到正題，這類問題在 AI 時代其實不難處理。",1,"[串文1] 1.如果是搜尋留痕攻擊，解法很單純，把這類搜索連結異全部設為 noindex，基本上就能快速把索引清乾淨。

2.如果是 XSS 攻擊，這種比較棘手一點，但也不是什麼大問題，先馬上裝防火牆阻擋持續注入，我通常用寶塔內建的 NGINX 防火牆，避免攻擊繼續生成新的髒頁面。

既有的後門處理方式，我通常會把整個網站下載下來，網站太大的話就只抓那些被攻擊後有異動的檔案，再交給像 Cursor 這類 coding 工具掃整個專案，找可疑程式碼，通常可以很快定位兇手，把不乾淨的程式碼一次清掉。然後一樣將受影響的url再設定410 Gone(不要設定404)，基本上兩三個月整體就恢復正常了

超大型網站當然還是建議直接找第三方資安工程師處理，但如果是一般中小型站長，用上面這套流程其實就很夠用了，我自己也已經用這個方法實際解決過好幾次網站問題。"
65,32,0,4,https://www.threads.net/@darkseoking/post/DR7zbfhEwwp,"深夜分享，Hostinger 再搞大促銷，Web Hosting Business Plan搭配折扣碼 HBASERVICES 四年+2個月才只要105美金，可以上50個站還帶自動備份+郵箱+CDN，拿來做垃圾站群CP值高到爆炸，不過記得拿來做站群這些站之間別互連。
自己架普通網站的也挺合適的，一個月才2美金，架兩個站就回本了。
有需要的朋友們趕快購買，還有一天多就結束了
https://www.hostinger.com/pricing/1?plan=shared_and_cloud_grouped_short",0,
66,20,2,1,https://www.threads.net/@darkseoking/post/DF43pwjt9uU,"利用AI SEO做博弈代理直到月收20萬美金 Day2

今天排名仍然在穩定增長中，但是雖然流量不少，但存款的人帶來的價值卻有點低造成GGR收益有點低，今天臨時新增一個新功能讓AI可以判定哪類關鍵詞可以帶來更好的收益，自動優化關鍵詞組，優化整體轉化率。

博弈",0,
67,18,0,2,https://www.threads.net/@darkseoking/post/DRfYO1MEwvc,Flux.2今天終於出了，細節程度大提升，雖然最近大家都在說Banana 2 pro超強，但是實際上我在做AI部落格的時候還是比較習慣使用Flux系列的模組，因為我用量大有時候一天就要做幾千篇文章，價差一下就出來了，比較可惜的是最新版Flux還是沒辦法生成像Banana 2 pro效果一樣好的中文，但是以純演示圖來看，光影細節，Flux系列都可以做到同價位的王者，價位只是Banana 2 pro的10%，正在搞AI部落格的兄弟姊妹們也可以參考看看。,1,[串文1] 附上一張剛剛用Flux2 Pro生成的圖片，光影效果跟人物細節是真的絕了，這樣一張圖才0.03美金
68,17,1,2,https://www.threads.net/@darkseoking/post/DF-bWDCzIjU,"利用AI SEO做博弈代理直到月收20萬美金 Day4

起飛啦，全數起飛啦! 排名起飛，今天也釣到一個大戶了，單日就給我將近8000美金的GGR，現在上大詞的概率也越來越高，只要再5-60個大戶就可以達標了，看來兩個月內應該就可以達成目標了 GO!GO!GO!

昨日GGR:2980.85美金
今日GGR:12650.56美金
目標GGR:60萬美金

博彩",0,
69,10,0,0,https://www.threads.net/@darkseoking/post/DTuerHSFOlu,"但是，如果你的目標是做 GEO 優化的話，KGR 策略其實還是非常有效的。
眾所皆知，GEO 看的不是你的排名，而是你的網站對 AI 的信任度。

第一名，其實不代表你就是 AI 最喜歡拿來當答案的來源。

所以我在這批實驗站裡，注意到一件蠻有意思的事情。

那些專打 KGR 的網站，因為 KGR 詞本來直接競爭對手就少，再加上內容又很精準去打演算法喜歡的語意結構，所以這批 KGR 詞很容易被拉進 AIO，或被 ChatGPT 收錄進參考來源。

等 KGR 詞累積出一層比較厚的展現基礎之後，效果會更明顯。

我發現即使主詞排名還卡在 5–10 名，但因為前面那批 KGR 內容，網站其實已經先被 AI 建立了一定程度的信任度，所以還是很容易被納入 AIO，或被引用成答案來源。

相比那些只做常規關鍵詞規劃、但沒有刻意經營 AI 信任訊號的站，效果真的差很多。

某種程度上，在 GEO 時代，演算法其實又開始走回老路。
有時候拿一些老策略來重新玩，反而真的會有驚喜。",0,
70,4,0,2,https://www.threads.net/@darkseoking/post/DGIVHK4TcaE,"利用AI SEO做博弈代理直到月收20萬美金 Day8

不敢張開眼睛希望是我的錯覺，一大早起床天都塌了，我看負20萬要比正20萬早達到了，客戶狂贏啊，快打破我遇到最會贏的顧客的紀錄了，但是之前贏最多的客戶，贏我40萬美金，但是三天又輸回來，靜待佳績了，保持好心態出門看演唱會",0,
71,0,0,0,https://www.threads.net/@darkseoking/post/DSXq290E9dW,"小米也來蹭AI的熱度，前陣子招了羅福莉，號稱AI界的天才少女，今天發布了MiMo-V2-Flash，號稱屌打Deepseek V3.2。
結果又是典型的米式行銷，跑分能力永遠比別人強，實際使用代碼能力非常普通，拿來寫SEO文章也是幻覺超嚴重，很愛編造內容，甚至被人抓包底層又是一個用Chatgpt 蒸餾出來的大模型。
唯一的優勢就是便宜了吧，0.3美金/百萬token，一貫的性價比，目前Openrouter可以免費調用，就是不知道搞不搞飢餓行銷那一套，沒幾天就瘋狂截斷之類的😂😂",0,
72,0,0,0,https://www.threads.net/@darkseoking/post/DRw5v-7k5YW,"Deepseek 3.2 昨天推出了，這兩天拿來測試，感覺沒啥優勢，推理能力是很強不過是真的離譜的慢，寫一篇簡單的文章都要自己反覆驗證個5-10分鐘，一直不斷推倒自己的思路再重來，慢到我都在想是不是已經卡死了?
Deepseek真的很像之前還在上班的時候每個公司都會有的偏執狂同事。
還是回去繼續用Grok 4.1 Fast，效果差不多，但平均1分鐘內就可以完成任務",0,
73,0,0,0,https://www.threads.net/@darkseoking/post/DRw3wQbkyL2,"補充上篇貼文的邪修起站技巧，對於分享個人技能類型的網站站長，在剛開始網站開始製作的時候絕對不要一開始就去做那些高流量的詞，而是要先去挑你領域內孤僻的詞，那些冷門的詞彙。

比如你是一位牙醫，不要一開始就做那些蛀牙，洗牙啊等高流量關鍵詞文章，而是可以先讓AI列出有哪些冷門的主題，比如牙科材料科學類內容，或是冷門牙醫疾病，這類流量低的詞，因為很少人競爭，很容易排名，所以對於起站來說非常好用，可以快速幫助你建立網站本身的EEAT，同時對於AI SEO也很有幫助，因為沒有太多參考資料，所以他很容易引用你的網站內容，在早期靠這些冷門詞建立起權威性後再去競爭高流量詞也會相對簡單很多。算是我個人起站的一個邪修大法",0,
74,0,0,0,https://www.threads.net/@darkseoking/post/DRkJaLqE07e,"找外包 SEO 寫手掛名能提升網站權威性（E-E-A-T）？別傻了，這可能是你做過最傷網站權重的事。

先聲明，避免又有人噴我，我真的不排斥外包，我反對的是那些號稱「我到處都有掛名，所以能幫你網站提升 Authority」或是一定要屬名所以他可以當作是作品集的寫手或是SEO KOL。

這邏輯乍聽合理，但細思極恐： 多數 SEO 寫手根本是「萬金油」。今天幫科技網寫 AI，明天幫金融網站寫虛擬幣，後天可能在寫美妝保養。

請問權威性在哪？專注度在哪？ 說句難聽的，在 Google 眼裡，這種什麼領域都沾的行為，跟「中央空調」沒兩樣。 對誰都送冷暖，卻一點都不專一。",1,"[串文1] 所以想真正提升權威性（Authoritativeness），請根據你的體量走正道：

大型網站：策略是「借腦」。與其找隨便一個SEO寫手，不如找行業專家進行內容「審閱」或「背書」。你要用他們在現實世界的信譽來為網站加分，這才叫強強聯手。

小型個人網站：你自己就是最大資產。你可能是工程師、醫生或行銷人或是任何職業，請把網站作者頁連結到你的LinkedIn或社群。告訴 Google 背後是個活生生的專業人士，你自己就是指標。

綜合站或沒個人品牌：那就死磕內容深度。不是拚字數，而是拚「稀缺性」。提供第一手實測數據或獨家研究，當內容夠硬，誰寫的就不重要了。

別再迷信普通寫手掛名了。如果你的寫手堅持「一定要署名」才可以合作？那太好了，這剛好幫你省去篩選的時間，直接過濾掉。 畢竟沒人想跟不專一的人扯上關係，Google 也是。"
75,0,0,0,https://www.threads.net/@darkseoking/post/DRkBwEfkwwf,"這位兄弟的留言我覺得說的非常好，所以也跟大家分享一下，確實把沒有流量的文章移除有時候反而會使網站排名攀升，但是不能隨便刪。
那什麼樣的內容可以刪？
1.大量話題性質相同的內容可以刪除後將原始連結301合併至相似主題排名最好的那篇文章上
2.沒有任何排名，曝光，然後確保也沒有任何反向連結的內容也可以刪
3.刪除的內容不要超過網站本身內容量的30%以上，不然容易造成過度破壞網站架構
4.盡可能只刪除超過一年以上的內容
但是不是代表純刪除就一定會使流量增長，還是要透過不斷更新高質量的內容才能循環成正向的站內SEO，刪除內容的目的是減少GoogleBot花費資源爬取那些低質量頁面，只留下高質量頁面會讓Google提升你整站的權重。",0,
76,0,0,0,https://www.threads.net/@darkseoking/post/DRd_bQrijN4,"為什麼你找知名大型SEO業者，最後都像被詐騙？ 

說實話，我覺得SEO是行銷項目裡水最深、最不適合盲目外包的，沒有之一。

這是一個「外行人看熱鬧，內行人看門道」的產業。SEO的底層知識其實大同小異，高手的差異全在於「細節的思考」。這些眉角往往一說就通，所以真正的高手都會藏招，不會輕易外流。

這就是為什麼你找大型SEO公司往往沒效:因為厲害的可能是他們老闆，但執行你案子的，卻是底下的小嘍囉，甚至很多老闆只是早期很猛吃到時代的紅利，實際上根本跟不上時代。

這些員工很多根本是毫無經驗的小白，受訓幾天就上崗。老闆為了防範員工學會了就跑，根本不會教核心邏輯，只叫他們按表操課。結果就是：公司招牌很大，成效卻很差。

以前我們做博弈的時候找SEO員工基本都有個殘酷共識：這類公司出來的，我們通常拒絕錄用。 因為思維太固化，根本不知道自己在幹嘛。我曾面試過一個最離譜的，在那做了三年，告訴我他做SEO全靠「猜」，能蒙一個客戶是一個，做起來算他的，做失敗算客戶的。

更可怕的是，這些小白離職後還覺得自己很屌，出來接案做顧問。 這就是為什麼現在滿街都是低端SEO，而你的錢總是丟進水裡。",0,
77,0,0,0,https://www.threads.net/@darkseoking/post/DRcdVBVE4zE,"最近在 SEL 看到一個有趣的實測：ChatGPT 最喜歡引用「完全零連結」的文章，連內部連結都會降低引用率。
原因是模型會把任何連結解讀成「你不是源頭」。

但問題是：
Google 的 E-E-A-T 又認為不放連結 = 沒可信度。
兩邊邏輯直接互相打臉。

我自己的觀點是：
這再次證明 Google SEO 跟 AI SEO 已經是兩回事。
LLM 要的是「語意純度」跟「段落集中度」，不是你放了多少支援性證據。
反而連結越多，語意越被切碎，模型越不想引用。

所以未來內容可能真的要拆成兩種：
給 Google 的版本 → 完整 E-E-A-T
給 AI 的版本 → 核心段落零連結、語意一次到位

這也就能解釋為甚麼一堆AI重造的垃圾文章排名後反而能再度被AI引用😂😂",0,
78,0,0,0,https://www.threads.net/@darkseoking/post/DRRqu45k1aa,"昨天實在是白誇Gemini 3了 40K左右上下文是真的很神，但是只要超過這個數字，就退化到連2.5Pro都不如了，難怪大家一次出效果很好，但是要拿來反覆修改設計複雜一點的項目就像一坨💩

AI真的快要可以取代人類了，學到人類精髓了，剛入職認真工作，做出一點成績以後開始打混摸魚，公司還對你有期待不敢把你開除",0,
79,0,0,0,https://www.threads.net/@darkseoking/post/DH7w0TxzYKp,"想問下有沒有企業主願意分享自己的網站給我做等下免費SEO的演示用途的？
要曾經做過SEO的，目前網站有排名的。不論多少。沒有我就到時隨便找個啦",1,[串文1] 大家願意的直接留網址就好了，我會再挑一個，謝謝
80,0,0,0,https://www.threads.net/@darkseoking/post/DHv3XmozUs5,"各位朋友，最近忙著籌劃新的AI創業計畫，加上Google三月大更新，我在調整白帽SEO教學資料，讓它更符合新演算法，所以這週都沒時間上來跟大家分享，請見諒。

從下週起，我會每週更新1-2篇免費SEO教學，預計兩個月內更新完成，手把手教大家如何自己做SEO，我會一步步分享基礎且實用的SEO知識，讓中小企業不再被低端SEO工作室騙錢。雖然不會涉及太多我個人研發的灰帽、黑帽手法，但絕對依然有效。

簡單來說，如果你的網站找低端SEO都能做出排名，按照我的教學做，你自己也可以。如果做完還是不理想，那更好了，省下試錯成本！這表示你的領域競爭比較激烈，建議直接找台灣專業，有自己想法的SEO團隊協助，跳過低端SEO的試錯成本，絕對可以幫各位一年省下30-50萬。

當然，之後的文章我也會教大家如何辨別SEO廠商的專業程度，避免被坑。

同時評估團隊狀況後，項目有點多，所以目前我暫時不接任何新案子了，所以大家不用來詢問我合作，就純分享，一毛錢都不想從大家身上賺，純純賺個關注滿足一下虛榮心，但手上項目真的有點多，所以更新有點慢，請大家包涵一下，謝謝大家。",0,
81,0,0,0,https://www.threads.net/@darkseoking/post/DHQ7YF-T4hC,"利用AI SEO做博弈代理直到月收20萬美金 Day31

前幾天版上都是各種瓜，流量都被 Andy 老師搶走了，懶得更新。相比上次，GGR 新增到 29 萬美金，穩如老狗，沒啥好說的。

聊聊博弈品牌推廣，這領域卷得離譜，最近不少品牌來問 AK，怎麼推廣才便宜又有效？這種問題真不好答，推品牌就是得燒錢，基本曝光該做的還是得做，像洗黑稿、論壇、評測站這些，再來現在沒點創意根本玩不出來。

說個 AK 之前幫某個品牌落地東南亞的案例。當時客戶有錢任性，只求曝光，不怕風險，我們直接聯繫當地計程車行打廣告，甚至找人街頭塗鴉品牌 logo等等，目的只有一個——上新聞。

果然新聞一出，品牌馬上打開市場，雖然隨後域名頻繁被當地政府封鎖，但搞點技術手段就能突破封鎖，流量啪啪地來

這套路後來被玩爛了，但換個新興市場還能用，就像很多台灣品牌上新聞不是真的出事，也是為了搞曝光，細節就不細說了，免得被請去喝茶。

不過這幾年我們團隊重心還是放回SEO上，畢竟幫忙搞品牌曝光的團隊風險太大了，要創造大量品牌曝光都得劍走偏鋒就像站在鋼絲上走路，還是做SEO好，回報更大風險更低。",0,
82,0,0,0,https://www.threads.net/@darkseoking/post/DHBJbWiT2MH,想要遇到伯樂，首先你得證明你是匹千里馬,0,
83,0,0,0,https://www.threads.net/@darkseoking/post/DG3TwduzBy-,"利用AI SEO做博弈代理直到月收20萬美金 Day22

昨天收到這個號第一筆的佣金啦，扣除亂七八糟的費用以後，上個月最後拿了82,371美金(大約270萬台幣)，每次領佣金的時候都特別緊張，很擔心無良品牌找一堆理由不給佣金，那就損失慘重了。不過還好這個號成功拿到啦!不過比起最近我在幣圈的損失只能說是背水車薪

今天AI圈都被Manus刷爆了，全世界第一個全通用AI Agent，AK我今天收到這個消息也是重金請朋友去找內測碼啦，之後有機會用到該產品再來跟大家分享心得，這個產品火爆的點在於他是第一個只要給想法，完全自動寫程序的AI，比CURSOR還強，所以未來想法會越來越值錢，技術會越來越不值錢了",0,
84,0,0,0,https://www.threads.net/@darkseoking/post/DF7RhEJTek6,"利用AI SEO做博弈代理直到月收20萬美金 Day3

昨日GGR:896.24美金
今日GGR:2980.85美金
目標GGR:60萬美金

用AI搞SEO的壞處就是就是爆發快停滯得也快，要一直輪換新增域名，不過還好新建的域名增長的流量也夠快，加上昨天更新的關鍵詞篩選功能GGR相較於昨天增加了三倍，未來看起來無可限量。

SEO",0,